title,mood,language,genre,rating,year,movie_platform,image_url,director,cast,description,
The Shawshank Redemption,motivated,English,Drama,9.3,1994,Netflix,https://encrypted-tbn3.gstatic.com/images?q=tbn:ANd9GcRipfEoI8fb4qxidki3e_kp3fr_Kopvoi2yCKcpJGf2ngnKweMR,Frank Darabont Tim Robbins,Morgan Freeman-Bob Gunton,A banker convicted of uxoricide forms a friendship over a quarter century with a hardened convict while maintaining his innocence and trying to remain hopeful through simple compassion Morgan Freeman Bob Gunton
Inception,motivated,English,Sci-Fi,8.8,2010,Amazon Prime,https://filmartgallery.com/cdn/shop/files/Inception-Vintage-Movie-Poster-Original.jpg?v=1738912645,Christopher Nolan Leonardo DiCaprio,Joseph Gordon-Levitt Ellen Page,A thief who steals corporate secrets through the use of dream-sharing technology is given the inverse task of planting an idea into the mind of a C.E.O. Joseph Gordon-Levitt Ellen Page
La La Land,romantic,English,Musical,8.0,2016,Netflix,https://www.google.com/url?sa=i&url=https%3A%2F%2Fencrypted-tbn1.gstatic.com%2Fimages%3Fq%3Dtbn%3AANd9GcROdG2hxWRGPiw_BvG1kZNeFy6mSf1VJl627bz1xRBaemQqhAqb&psig=AOvVaw004InGTAk7udTkLjAqpmUs&ust=1762577487259000&source=images&cd=vfe&opi=89978449&ved=0CBEQjRxqFwoTCLjJuvee35ADFQAAAAAdAAAAABAE,Damien Chazelle ,Emma Stone-Ryan Gosling-,A jazz pianist falls for an aspiring actress in Los Angeles while pursuing their dreams.
Forrest Gump,happy,English,Drama,8.8,1994,Amazon Prime,https://encrypted-tbn0.gstatic.com/images?q=tbn:ANd9GcR2MIAoY_Q1ecv4Pe_azo8kUAXgEQBQAh5lUw&s,Robert Zemeckis Tom Hanks-,Robin Wright-Gary Sinise-,The presidencies of Kennedy and Johnson the Vietnam War the Watergate scandal and other historical events unfold from the perspective of an Alabama man with an IQ of 75 whose only desire is to be reunited with his childhood sweetheart. Robin Wright Gary Sinise.
The Dark Knight,motivated,English,Action,9.0,2008,Netflix,https://www.google.com/url?sa=i&url=https%3A%2F%2Fencrypted-tbn3.gstatic.com%2Fimages%3Fq%3Dtbn%3AANd9GcQkUywIUXDjHSQJIaNHYVs08osgBpF5Ot-xmB_omyEZeeRP9Xug&psig=AOvVaw3S5QFhk3KlIew9v-KydXYm&ust=1762576008362000&source=images&cd=vfe&opi=89978449&ved=0CBEQjRxqFwoTCLjAs7aZ35ADFQAAAAAdAAAAABAE,Christopher Nolan Christian Bale,Heath Ledger-Aaron Eckhart,When the menace known as the Joker emerges from his mysterious past he wreaks havoc and chaos on the people of Gotham the Dark Knight must accept one of the greatest psychological and physical tests of his ability to fight injustice. Heath Ledger Aaron Eckhart.
The Notebook,romantic,English,Romance,7.8,2004,Amazon Prime,https://www.google.com/url?sa=i&url=https%3A%2F%2Fencrypted-tbn1.gstatic.com%2Fimages%3Fq%3Dtbn%3AANd9GcTtfuO7NsIV0sCFyqnVPQ8zMdyz4uUenuPlYuTn0Wk7aj0oGgCV&psig=AOvVaw3_uZdyIYLdvC_WE8GF5gJ6&ust=1762577505722000&source=images&cd=vfe&opi=89978449&ved=0CBEQjRxqFwoTCLjJn4Cf35ADFQAAAAAdAAAAABAE,Nick Cassavetes Ryan Gosling,Rachel McAdams-James Garner-,A poor yet passionate young man falls in love with a rich young womans but they are soon separated because of their social differences. Years later they reunite but their love is challenged by the passage of time and a secret that could keep them apart. Rachel McAdams James Garner.
Interstellar,motivated,English,Sci-Fi,8.6,2014,Netflix,https://www.google.com/url?sa=i&url=https%3A%2F%2Fencrypted-tbn0.gstatic.com%2Fimages%3Fq%3Dtbn%3AANd9GcT9oW0XQlu1lo1G_49M-YwGzKR6rUg-CtflZj07HfbT8d2GwKWg&psig=AOvVaw2jcMi_3dDvn8nGfkxQgMLT&ust=1762576034441000&source=images&cd=vfe&opi=89978449&ved=0CBEQjRxqFwoTCMjQ98KZ35ADFQAAAAAdAAAAABAE,Christopher Nolan Matthew McConaughey,Anne Hathaway-Jessica Chastain-,A team of explorers travel through a wormhole in space in an attempt to ensure humanitys survival. Anne Hathaway Jessica Chastain.
A Beautiful Mind,motivated,English,Biography,8.2,2001,Amazon Prime,https://www.google.com/url?sa=i&url=https%3A%2F%2Fencrypted-tbn0.gstatic.com%2Fimages%3Fq%3Dtbn%3AANd9GcSaK28FOfujbMXngNpAOlcOHe7Etxm2PPi1tl7_nKxinDVZ0hsI&psig=AOvVaw2FjCLJ7tGMeWltbzLtJKae&ust=1762576224080000&source=images&cd=vfe&opi=89978449&ved=0CBEQjRxqFwoTCNDJnJ2a35ADFQAAAAAdAAAAABAE,Ron Howard Russell Crowe-Jennifer Connelly-,Ed Harris-Paul Bettany-,After John Nash a brilliant but asocial mathematician accepts secret work in cryptography he begins to develop paranoid schizophrenia and endures delusional episodes while painfully watching the toll his condition takes on his wife and friends. Jennifer Connelly Ed Harris Paul Bettany.
The Pursuit of Happyness,motivated,English,Biography,8.0,2006,Netflix,https://www.google.com/url?sa=i&url=https%3A%2F%2Fencrypted-tbn0.gstatic.com%2Fimages%3Fq%3Dtbn%3AANd9GcQCAVNHSTMg1kboB9nLrl_xjF7cJQJsjj8fNPqkYwb8pc_mmpe9&psig=AOvVaw1olrAlA5quSbX_yPU0fkgg&ust=1762576311746000&source=images&cd=vfe&opi=89978449&ved=0CBEQjRxqFwoTCKDfmcea35ADFQAAAAAdAAAAABAE,Bruce McDonald Will Smith-Thandie Newton-,Jaden Smith-Brian Howe-,A struggling salesman takes custody of his son as he is poised to begin a life-changing professional career. Thandie Newton Jaden Smith Brian Howe.
3 Idiots,motivated,Hindi,Comedy-Drama,8.4,2009,Netflix,https://www.google.com/url?sa=i&url=https%3A%2F%2Fencrypted-tbn2.gstatic.com%2Fimages%3Fq%3Dtbn%3AANd9GcQV7sONOx4fl1xq9CbdWUmcTamWwzrPMzqKhZOGHh-V0zHpn0Ly&psig=AOvVaw0sPy-m-sty0KNHeOn1Vko0&ust=1762576369316000&source=images&cd=vfe&opi=89978449&ved=0CBEQjRxqFwoTCOiJreOa35ADFQAAAAAdAAAAABAM,Rajkumar Hirani Aamir Khan-R Madhavan-Sharman Joshi-,Kareena Kapoor-Boman Irani-,Two friends are searching for their long-lost companion. They revisit their college days and recall the memories of their friend who inspired them to think differently even as the rest of the world called them idiots. Kareena Kapoor Boman Irani.
Dilwale Dulhania Le Jayenge,romantic,Hindi,Romance,8.1,1995,Amazon Prime,https://www.google.com/url?sa=i&url=https%3A%2F%2Fencrypted-tbn0.gstatic.com%2Fimages%3Fq%3Dtbn%3AANd9GcRFsQa8EcnB4W2gdO0bEh5HQnu1Y4knPPWvaUdI5zUrik_R-vD5&psig=AOvVaw1T8RCIgpi0VuINgZ5jkDjk&ust=1762576430302000&source=images&cd=vfe&opi=89978449&ved=0CBEQjRxqFwoTCMCCwf-a35ADFQAAAAAdAAAAABAE,Aditya Chopra Shah Rukh Khan-Kajol-,Amrish Puri-Anupam Kher-,Raj and Simran fall in love during a vacation in Europe but are separated when Raj returns to India
Taare Zameen Par,motivated,Hindi,Drama,8.4,2007,Disney+ Hotstar,https://www.google.com/url?sa=i&url=https%3A%2F%2Fencrypted-tbn0.gstatic.com%2Fimages%3Fq%3Dtbn%3AANd9GcSLKhA9TsgkzaYnU6vWozqFidVVhRcNxqJywYjdYjNVnRftciOf&psig=AOvVaw2Z2mfOXCTfYOhQJqW8MSSw&ust=1762576446312000&source=images&cd=vfe&opi=89978449&ved=0CBEQjRxqFwoTCID0mIeb35ADFQAAAAAdAAAAABAE,Aamir Khan Darsheel Safary-Tanay Chheda-,Tisca Chopra-Deepak Dobriyal-,An eight-year-old dyslexic child is misunderstood by his family and teachers until a new art teacher discovers his hidden potential and helps him find his way in the world. Tisca Chopra Deepak Dobriyal.
Zindagi Na Milegi Dobara,happy,Hindi,Adventure,8.2,2011,Netflix,https://www.google.com/url?sa=i&url=https%3A%2F%2Fencrypted-tbn3.gstatic.com%2Fimages%3Fq%3Dtbn%3AANd9GcQqOb7SYCekBWHrdqpplOSANdbjx-tff4WH6_-wxTtFY9viR4UU&psig=AOvVaw0skKOVKeeE5vbyusjxXwFS&ust=1762575938186000&source=images&cd=vfe&opi=89978449&ved=0CBEQjRxqFwoTCICZyJWZ35ADFQAAAAAdAAAAABAM,Zoya Akhtar Hrithik Roshan-Farhan Akhtar-Abhay Deol-,Katrina Kaif-Kalki Koechlin-,Three friends decide to turn their fantasy vacation into reality by embarking on a road trip in Spain where they face their fears and discover themselves along the way. Katrina Kaif Kalki Koechlin.
Kal Ho Naa Ho,sad,Hindi,Romance,7.9,2003,Amazon Prime,https://www.google.com/url?sa=i&url=https%3A%2F%2Fencrypted-tbn2.gstatic.com%2Fimages%3Fq%3Dtbn%3AANd9GcSZQLT6Qij5Hb85nSE-e1iglQ5XJtqNnfknVt3IyYp5117eEE3l&psig=AOvVaw10h3K26TEiss-CdnJxjyoe&ust=1762576349201000&source=images&cd=vfe&opi=89978449&ved=0CBEQjRxqFwoTCPiZttma35ADFQAAAAAdAAAAABAE,Nikkhil Advani Shah Rukh Khan-Juhi Chawla-Saif Ali Khan-,Preity Zinta-Sushmita Sen-,Naina a hopeless romantic lives in New York with her mother and best friend. Her life changes when she meets Aman a lively
Queen,happy,Hindi,Drama,8.2,2014,Netflix,https://www.google.com/url?sa=i&url=https%3A%2F%2Fencrypted-tbn2.gstatic.com%2Fimages%3Fq%3Dtbn%3AANd9GcS2AhKeea-p4V7NJdojOiYGTk75z6ovepnZlemD_JkS1HBBYsNb&psig=AOvVaw1G7o_mL4vTvq1RtTQRBHHE&ust=1762576474634000&source=images&cd=vfe&opi=89978449&ved=0CBEQjRxqFwoTCIiBzpSb35ADFQAAAAAdAAAAABAE,Vikas Bahl Kangana Ranaut-Rajkummar Rao-,Lisa Haydon-Sandeepa Dhar-,A young woman from Delhi decides to go on her honeymoon alone after her fiancé calls off their wedding. In Paris and Amsterdam she discovers her own identity and self-worth. Lisa Haydon Sandeepa Dhar.
Chhichhore,motivated,Hindi,Comedy-Drama,8.2,2019,Netflix,https://www.google.com/url?sa=i&url=https%3A%2F%2Fencrypted-tbn2.gstatic.com%2Fimages%3Fq%3Dtbn%3AANd9GcTR7lN6yKpdOvxKUBIdGX_HpkBFW5FDup4gzgMnumJzer8KEt9i&psig=AOvVaw0mx1zSNM5w6WYEl9CxGrQl&ust=1762576501236000&source=images&cd=vfe&opi=89978449&ved=0CBEQjRxqFwoTCPjBoaGb35ADFQAAAAAdAAAAABAE,Nitesh Tiwari Sushant Singh Rajput-Shraddha Kapoor-,Varun Sharma-Tahir Raj Bhasin-,A middle aged man reflects on his college days and the friends he made there after his son attempts to commit suicide due to academic pressure. Shraddha Kapoor Varun Sharma Tahir Raj Bhasin.
Barfi,romantic,Hindi,Drama,8.1,2012,Amazon Prime,https://www.google.com/url?sa=i&url=https%3A%2F%2Fencrypted-tbn3.gstatic.com%2Fimages%3Fq%3Dtbn%3AANd9GcRtgs5mDLnQXzqioMkwbCtjqNjhWmS-39ls2UfM-Mjxq77u9JAa&psig=AOvVaw1VrAwT3UMXTMwFzMrA8vBq&ust=1762576534583000&source=images&cd=vfe&opi=89978449&ved=0CBEQjRxqFwoTCLjSqrGb35ADFQAAAAAdAAAAABAE,Anurag Basu,Ranbir KapoorPriyanka Chopra JonasIleana D'Cruz,Three young people learn that love can neither be defined nor contained by society's definition of normal and abnormal.
Andhadhun,motivated,Hindi,Thriller,8.2,2018,Disney+ Hotstar,https://www.google.com/url?sa=i&url=https%3A%2F%2Fencrypted-tbn3.gstatic.com%2Fimages%3Fq%3Dtbn%3AANd9GcTSGqipLm068oYx4IUvs8pgi--rK1AenxrX5UwrP08Psq1WWKq1&psig=AOvVaw3PcgjptxzEILZaFeXTPuGB&ust=1762576557837000&source=images&cd=vfe&opi=89978449&ved=0CBEQjRxqFwoTCIC9sryb35ADFQAAAAAdAAAAABAE,Sriram Raghavan,Ayushmann KhurranaTabuRadhika Apte,A piano teacher who pretends to be blind gets entangled in a series of mysterious events after witnessing
Rockstar,sad,Hindi,Musical,7.7,2011,Amazon Prime,https://www.google.com/url?sa=i&url=https%3A%2F%2Fencrypted-tbn2.gstatic.com%2Fimages%3Fq%3Dtbn%3AANd9GcQMJVG9VNiLA0_FkCRYLY-mNYV8-ISc-V8weY-Otj5fU3wu0dM1&psig=AOvVaw1siAg4_0i9Z7OfRHc1kMrz&ust=1762576672483000&source=images&cd=vfe&opi=89978449&ved=0CBEQjRxqFwoTCMip3POb35ADFQAAAAAdAAAAABAE,Imtiaz Ali, Ranbir Kapoor-Nargis Fakhri-,A young mans journey to find his true self through music and love takes unexpected turns when he meets a free-spirited woman who challenges his beliefs and aspirations. Nargis Fakhri.
Vikram Vedha,motivated,Tamil,Action,8.2,2017,Disney+ Hotstar,https://www.google.com/url?sa=i&url=https%3A%2F%2Fencrypted-tbn2.gstatic.com%2Fimages%3Fq%3Dtbn%3AANd9GcQj86HHfichvt1UEP0nnNnFFZukF11FSVvQB-1Rh2-zcTxX0haG&psig=AOvVaw3Db_WQuQnMqV1wQL2zACJW&ust=1762576586820000&source=images&cd=vfe&opi=89978449&ved=0CBEQjRxqFwoTCIDdp8qb35ADFQAAAAAdAAAAABAE,GayatriPushkar,Madhavan-Vijay Sethupathi-,A righteous police officer sets out to capture a notorious gangster whose actions challenge his moral beliefs and force him to question the nature of good and evil. Vijay Sethupathi.
Super Deluxe,happy,Tamil,Drama,8.3,2019,Amazon Prime,https://www.google.com/url?sa=i&url=https%3A%2F%2Fencrypted-tbn3.gstatic.com%2Fimages%3Fq%3Dtbn%3AANd9GcSmqhH_LMF-yLlW4vuqesynV3_JnZZdgeiR5QoHHXuXguls0C8g&psig=AOvVaw1f7dDfzaAYqvjJ3qMGCueS&ust=1762576696868000&source=images&cd=vfe&opi=89978449&ved=0CBEQjRxqFwoTCPjyx_6b35ADFQAAAAAdAAAAABAE,Thiagarajan Kumararaja Vijay Sethupathi-Fahadh Faasil-,Samantha Akkineni-Rahman-,An unfaithful wife a father trying to save his son an estranged gangster and a group of criminals cross paths in unexpected ways in this darkly comedic thriller. Samantha Akkineni Rahman.
Vada Chennai,motivated,Tamil,Crime,8.4,2018,Netflix,https://www.google.com/url?sa=i&url=https%3A%2F%2Fencrypted-tbn3.gstatic.com%2Fimages%3Fq%3Dtbn%3AANd9GcQcL3-RHsoShwvoMWFUBfsAeyJlchyQDHhI2SDejF0Tu8ErOXt-&psig=AOvVaw3rIDmU5IvBNqqLAQCQIHL_&ust=1762576716310000&source=images&cd=vfe&opi=89978449&ved=0CBEQjRxqFwoTCJCf74ec35ADFQAAAAAdAAAAABAE,Vetrimaaran ,Dhanush-Ariyan-Andrea Jeremiah-,A skilled carrom player becomes embroiled in the world of gang wars and political corruption in North Chennai as he rises through the ranks while trying to protect his loved ones. Andrea Jeremiah.
Maanaadu,motivated,Tamil,Sci-Fi,8.6,2021,Disney+ Hotstar,https://www.google.com/url?sa=i&url=https%3A%2F%2Fencrypted-tbn0.gstatic.com%2Fimages%3Fq%3Dtbn%3AANd9GcQjdHOYg6ptjSiQpMGhPzuVoGuJ2h0G6761G5-2-aSPBU8wVJtr&psig=AOvVaw1IBRxoxGGXhU5zD3qkUV5E&ust=1762576734153000&source=images&cd=vfe&opi=89978449&ved=0CBEQjRxqFwoTCODqwJCc35ADFQAAAAAdAAAAABAE,Venkat Prabhu Suriya-Kalyani Priyadarshan-,Sathyaraj-Mysskin-,In a time loop an ordinary man must relive the same day repeatedly and use his knowledge of future events to prevent a terrorist attack while.
Soorarai Pottru,happy,Tamil,Biography,9.1,2020,Amazon Prime,https://www.google.com/url?sa=i&url=https%3A%2F%2Fencrypted-tbn2.gstatic.com%2Fimages%3Fq%3Dtbn%3AANd9GcTCXOxUOCiYN2CYVeh4xkeU-o0BlKPp42zFAaauf3rYrAfo3qsR&psig=AOvVaw0W4FPGVIf6d-EcYIVd2mgt&ust=1762576753111000&source=images&cd=vfe&opi=89978449&ved=0CBEQjRxqFwoTCOjYuJmc35ADFQAAAAAdAAAAABAE,Sudha Kongara,SuriyaAparna BalamuraliParesh Rawal,A determined villager challenges the aviation industry's elite by pursuing his vision of affordable air travel for all despite numerous obstacles and setbacks .  
96,romantic,Tamil,Romance,8.5,2018,Netflix,https://www.google.com/url?sa=i&url=https%3A%2F%2Fencrypted-tbn2.gstatic.com%2Fimages%3Fq%3Dtbn%3AANd9GcTJi8r3p1ofcc8GwLAjqrENm2YYAOTGOHSnc7jV9UMtSpR1k12D&psig=AOvVaw07puVlk60GGkzZJKG4TlVW&ust=1762576770283000&source=images&cd=vfe&opi=89978449&ved=0CBEQjRxqFwoTCOjdyKGc35ADFQAAAAAdAAAAABAE,C. Prem Kumar,Vijay SethupathiTrisha KrishnanAdithya Bhaskar,Two high school sweethearts meet at a reunion after 22 years and reminisce about their past.
Thuppakki,motivated,Tamil,Action,8.0,2012,Netflix,https://www.google.com/url?sa=i&url=https%3A%2F%2Fencrypted-tbn3.gstatic.com%2Fimages%3Fq%3Dtbn%3AANd9GcTg0QHn0NhtCLn0dtHnq_X9qy8EKXkpqq5UUpIW_UBs_GMWqbS-&psig=AOvVaw0EmfDI71AIWgzyay05RWH5&ust=1762576792242000&source=images&cd=vfe&opi=89978449&ved=0CBEQjRxqFwoTCLCyhKyc35ADFQAAAAAdAAAAABAE,A.R. Murugadoss Vijay-Ajay Devgn-,Kajal Aggarwal-Narain-,An army captain is on a mission to track down and destroy a terrorist gang and deactivate the sleeper cells under its command.
Anbe Sivam,happy,Tamil,Drama,8.8,2003,Amazon Prime,https://www.google.com/url?sa=i&url=https%3A%2F%2Fencrypted-tbn2.gstatic.com%2Fimages%3Fq%3Dtbn%3AANd9GcTbk9NS3SJRHFuBZKFrCEbORElC8CGFWqHaqwwtS1msNho9b0aS&psig=AOvVaw1TtPNAMJ3GMq3ok7qMLOSy&ust=1762576810779000&source=images&cd=vfe&opi=89978449&ved=0CBEQjRxqFwoTCOil9bSc35ADFQAAAAAdAAAAABAE,Sundar C.,Kamal HaasanMadhavanKiran Rathod,Two men, one young and arrogant, the other damaged - physically but not spiritually - by life, are thrown together by circumstances, and find that they are in some ways bound together by fate.
Kaththi,motivated,Tamil,Action,8.1,2014,Netflix,https://www.google.com/url?sa=i&url=https%3A%2F%2Fencrypted-tbn1.gstatic.com%2Fimages%3Fq%3Dtbn%3AANd9GcT2KesbCOk4qWtgHaHEU_x2zIchxWIO8rnAJ7KeTvkvjZ0plCUr&psig=AOvVaw2ZJS-ltoB1lvesdFYU1RI8&ust=1762576826112000&source=images&cd=vfe&opi=89978449&ved=0CBEQjRxqFwoTCPjImLyc35ADFQAAAAAdAAAAABAE,A.R. Murugadoss ,Vijay Samantha Ruth Prabhu-,A petty thief discovers that he has a doppelganger who is a social activist fighting for farmers' rights leading to a clash of identities and ideologies. 
Raatchasan,happy,Tamil,Thriller,8.4,2018,Disney+ Hotstar,https://www.google.com/url?sa=i&url=https%3A%2F%2Fencrypted-tbn1.gstatic.com%2Fimages%3Fq%3Dtbn%3AANd9GcSucwb_0spBNW2qjcufFucVTUJhoJu_i4_1r6PXFWHOtLEwdQjH&psig=AOvVaw1SdElHyoiKJWNGq66VEt_O&ust=1762577173525000&source=images&cd=vfe&opi=89978449&ved=0CBEQjRxqFwoTCNCA8eGd35ADFQAAAAAdAAAAABAE,Ram Kumar,Vishnu Vishal-Amala Paul-,A police officer is on the trail of a serial killer who targets schoolgirls and uses their deaths to send a chilling message to society about the pressures faced by students.
Baahubali: The Beginning,motivated,Telugu,Action,8.1,2015,Netflix,https://www.google.com/url?sa=i&url=https%3A%2F%2Fencrypted-tbn2.gstatic.com%2Fimages%3Fq%3Dtbn%3AANd9GcQAh44usfak1x3dFlj5e_QBTTZXHdhGS1X-3cEzZ1mzQ4wGnauO&psig=AOvVaw3ICp_Q0lzhmSSsy_w-FNB7&ust=1762577190129000&source=images&cd=vfe&opi=89978449&ved=0CBEQjRxqFwoTCKiN5-md35ADFQAAAAAdAAAAABAE,S.S. Rajamouli, Prabhas-Anushka Shetty-Stars Daggubati,A child from the Mahishmati kingdom is raised by tribal people and one day learns about his royal heritage his father's bravery in battle and a mission to overthrow the incumbent ruler.
Baahubali 2: The Conclusion,motivated,Telugu,Action,8.2,2017,Amazon Prime,https://www.google.com/url?sa=i&url=https%3A%2F%2Fencrypted-tbn1.gstatic.com%2Fimages%3Fq%3Dtbn%3AANd9GcTnMA16Y55ki6WxoLTdTmxNnKwYCZiNwi0DvCakttCRBQgZyJpJ&psig=AOvVaw1buf811lti_1hFbMls-8DU&ust=1762577204901000&source=images&cd=vfe&opi=89978449&ved=0CBEQjRxqFwoTCPi_8PCd35ADFQAAAAAdAAAAABAE,S.S. Rajamouli, Prabhas-Anushka Shetty-Rana Daggubati-,The story of Amarendra Baahubali his son Mahendra Baahubali and the betrayal that leads to Amarendra's death and Mahendra's quest to avenge him and reclaim the kingdom.
RRR,motivated,Telugu,Action,8.0,2022,Netflix,https://www.google.com/url?sa=i&url=https%3A%2F%2Fencrypted-tbn3.gstatic.com%2Fimages%3Fq%3Dtbn%3AANd9GcRx0wTDoneV8OuMM6hNfD7vfibB_jt6FcCL-u8H2DljlRXgGCoG&psig=AOvVaw2yFPF_oHdKiVo1xBkXiJ7c&ust=1762577224991000&source=images&cd=vfe&opi=89978449&ved=0CBEQjRxqFwoTCJi5tfqd35ADFQAAAAAdAAAAABAE,S.S. Rajamouli, N.T. Rama Rao Jr.-Ram Charan-Alia Bhatt-Ajay Devgn-,In 1920s India two revolutionaries from different backgrounds fight against the British Raj and their own personal demons to achieve freedom for their country.
Arjun Reddy,sad,Telugu,Romance,8.1,2017,Netflix,https://www.google.com/url?sa=i&url=https%3A%2F%2Fencrypted-tbn3.gstatic.com%2Fimages%3Fq%3Dtbn%3AANd9GcSIrg3VSmDVr2H5lMi-wQu7D4kkFLhSKkCrraN8MpsdvC4UHG8Q&psig=AOvVaw3Ai57FsveuCQSg4iDU0col&ust=1762577240665000&source=images&cd=vfe&opi=89978449&ved=0CBEQjRxqFwoTCOCc9YGe35ADFQAAAAAdAAAAABAE,Sandeep Reddy Vanga,Vijay Deverakonda-Shalini Pandey-,A high-functioning alcoholic surgeon with anger management issues spirals into self-destruction when his girlfriend is forced
Eega,motivated,Telugu,Fantasy,7.7,2012,Amazon Prime,https://www.google.com/url?sa=i&url=https%3A%2F%2Fencrypted-tbn1.gstatic.com%2Fimages%3Fq%3Dtbn%3AANd9GcQPo6YUQbjXGjCF92s4zL5ishjRlHO5NqNHcosFSHPmSKB4NRav&psig=AOvVaw3q0QeI_KXFV4JNvGtmUq8P&ust=1762577265331000&source=images&cd=vfe&opi=89978449&ved=0CBEQjRxqFwoTCKCyso6e35ADFQAAAAAdAAAAABAE,S.S. Rajamouli,Nani-Samantha Akkineni-,A man is murdered and reincarnated as a housefly. He sets out to avenge his death by tormenting his killer.    
Jersey,motivated,Telugu,Sports,8.5,2019,Amazon Prime,https://www.google.com/url?sa=i&url=https%3A%2F%2Fencrypted-tbn0.gstatic.com%2Fimages%3Fq%3Dtbn%3AANd9GcQPI9Sm_165T-tGSeQ-tbigp_LVjV89LqyTnWGkBjpgy2F_If8M&psig=AOvVaw23MbBbb3cE35Np7NWO50af&ust=1762577283125000&source=images&cd=vfe&opi=89978449&ved=0CBEQjRxqFwoTCLiPo5ae35ADFQAAAAAdAAAAABAE,Gowtam Tinnanuri,Nani-Shraddha Srinath-,A talented cricketer in his mid-30s decides to return to the sport to fulfill his son's wish of having a jersey with his name on it despite societal pressures and personal challenges.
Pushpa: The Rise,happy,Telugu,Action,7.6,2021,Netflix,https://th.bing.com/th/id/OIP.zlq4dNN7wpSthTdaHUplzAHaLH?w=115&h=180&c=7&r=0&o=7&cb=ucfimg2&dpr=1.5&pid=1.7&rm=3&ucfimg=1,Sukumar,Allu Arjun-Rashmika Mandanna-,A coolie smuggler rises through the ranks of a red sandalwood smuggling syndicate in the Seshachalam hills of Andhra Pradesh while facing challenges from law enforcement and rival gangs.
Srimanthudu,motivated,Telugu,Drama,7.6,2015,Disney+ Hotstar,https://www.google.com/url?sa=i&url=https%3A%2F%2Fencrypted-tbn2.gstatic.com%2Fimages%3Fq%3Dtbn%3AANd9GcTVxTnbQFtlfYKpiEIWLlTJap3Khh1tGRtX-DcHFtQIJUqrw8GM&psig=AOvVaw1iOxmUrUQJSrlaotwMYtTw&ust=1762577314598000&source=images&cd=vfe&opi=89978449&ved=0CBEQjRxqFwoTCPjwlKWe35ADFQAAAAAdAAAAABAE,Koratala Siva,Mahesh BabuShruti HaasanJagapathi Babu,Harsha a multi-millionaire's heir who has everything still feels that there is something missing in his life. In an attempt to fill the void he adopts a village to bring change in the people.
Kantara,motivated,Kannada,Action,8.3,2022,Netflix,https://www.google.com/url?sa=i&url=https%3A%2F%2Fencrypted-tbn0.gstatic.com%2Fimages%3Fq%3Dtbn%3AANd9GcSr-WKnsOp7YBra7WsdhX8TyXV3Xdz2tTaMbCFzcTx_0C82U4go&psig=AOvVaw2AipZGUFLDgBExj54M3a5C&ust=1762577329132000&source=images&cd=vfe&opi=89978449&ved=0CBEQjRxqFwoTCKCohaye35ADFQAAAAAdAAAAABAE,Rishab Shetty,Darshan-Nishvika Naidu-,In a remote village in Karnataka a local deity is believed to protect the villagers from evil forces. When outsiders threaten their way of life a young man must confront his destiny to save his people.
12th Fail,motivated,Hindi,Comedy-Drama,9.2,2023,Netflix,https://www.google.com/url?sa=i&url=https%3A%2F%2Fencrypted-tbn0.gstatic.com%2Fimages%3Fq%3Dtbn%3AANd9GcTcfdjsHAx1TtQ3mLEg4sHuO_pQnWVs4ndYs8hMwwmnkP_pKKFA&psig=AOvVaw1Kywns9GRticfTZw-tlqTN&ust=1762578857033000&source=images&cd=vfe&opi=89978449&ved=0CBEQjRRwqFwoTCMD54ISk35ADFQAAAAAdAAAAABAE,Vidhu Vinod Chopra,Aditya Rawal-Amitabh Bachchan-Sanjay Dutt-Revathi-,Based on a true story a young boy from a small town overcomes numerous obstacles including failing his 12th grade exams multiple times to achieve his dream of joining the Indian Police Service.    
777 Charlie,sad,Kannada,Adventure,8.7,2022,Amazon Prime,https://th.bing.com/th/id/OIP.eO7uk0mgjvrvBrdXTrYzFQHaHa?w=154&h=180&c=7&r=0&o=7&cb=ucfimg2&dpr=1.5&pid=1.7&rm=3&ucfimg=1,Kiranraj Kumar, Rakshit Shetty-Sangeetha Sringeri-,A lonely man's life takes a heartwarming turn when he adopts a stray dog named Charlie leading to a journey of self-discovery friendship and unconditional love.
godi banna sadharana maikattu,sad,Kannada,Drama,8.6,2016,Netflix,https://www.google.com/url?sa=i&url=https%3A%2F%2Fencrypted-tbn2.gstatic.com%2Fimages%3Fq%3Dtbn%3AANd9GcQUogQxg1oxji8wzMhZWJowY8i9k-_0RdNFoGFZbnR_p6cobBmj&psig=AOvVaw2uJuMMiKD9Ha0l2PJq8W98&ust=1762699158059000&source=images&cd=vfe&opi=89978449&ved=0CBEQjRxqFwoTCKCyspvk4pADFQAAAAAdAAAAABAE,Hemanth M. Rao, Prakash Raj-Anant Nag-,A middle-aged man goes on a journey to fulfill his late wife's wish of having her ashes immersed in the river Ganges leading to unexpected encounters and self-discovery.
Ulidavaru Kandanthe,motivated,Kannada,Crime,8.3,2014,Amazon Prime,https://www.google.com/url?sa=i&url=https%3A%2F%2Fencrypted-tbn1.gstatic.com%2Fimages%3Fq%3Dtbn%3AANd9GcTGj7X84OcjTSUKRw1ZXc_4KwL8RZTUI242UREL_Ki--fYOgx0K&psig=AOvVaw0n8VGrdI_NtMS4JnYXGudj&ust=1762699729258000&source=images&cd=vfe&opi=89978449&ved=0CBEQjRxqFwoTCPiygqvm4pADFQAAAAAdAAAAABAE,Rakshit Shetty, Rakshit Shetty-Rashmika Mandanna-,In a coastal village of Karnataka an aspiring filmmaker sets out to document the life of a local gangster only to uncover a web of interconnected stories revealing the complexities of human nature. 
Ratnan Prapancha,happy,Kannada,Drama,8.4,2019,Netflix,https://www.google.com/url?sa=i&url=https%3A%2F%2Fencrypted-tbn1.gstatic.com%2Fimages%3Fq%3Dtbn%3AANd9GcQN8TaNhyBifviKkfM8CMOt5vTSgSFO4CVKeQetTRFEdVJcPleK&psig=AOvVaw248lMZ9X2JoO7TWKCCzZCA&ust=1762699763960000&source=images&cd=vfe&opi=89978449&ved=0CBEQjRxqFwoTCKDw0rvm4pADFQAAAAAdAAAAABAE,Rohith Padaki, Dhananjaya-Shruthi Hariharan-,A disillusioned young man returns to his ancestral village after his father's death and rediscovers his roots and purpose in life through the stories of the villagers.        
Kendasampige,sad,Kannada,Romance,8.1,2015,Amazon Prime,https://www.google.com/url?sa=i&url=https%3A%2F%2Fencrypted-tbn0.gstatic.com%2Fimages%3Fq%3Dtbn%3AANd9GcRQfqRvDQuZxnw_gF_yPdH56R1E9CAzkmqNCA1G8h6Bi2OisAJW&psig=AOvVaw3iPEamD0-GRe7ghjR6NBat&ust=1762699789872000&source=images&cd=vfe&opi=89978449&ved=0CBEQjRxqFwoTCKjX7cfm4pADFQAAAAAdAAAAABAE,Suri, Rajavardan-Shruthi Hariharan-,A young couple from different social backgrounds fall in love and face numerous challenges as they try to be together against societal norms and family opposition. 
K.G.F: Chapter 1,motivated,Kannada,Action,8.2,2018,Netflix,https://www.google.com/url?sa=i&url=https%3A%2F%2Fencrypted-tbn2.gstatic.com%2Fimages%3Fq%3Dtbn%3AANd9GcSwnvIM5-xGRB34_8cEbXfzD_Ih9s0SY7yHxXBhExwGh1pETEVq&psig=AOvVaw2CJHanYb4oWelaKR0jOuyZ&ust=1762699860400000&source=images&cd=vfe&opi=89978449&ved=0CBEQjRxqFwoTCJClxOnm4pADFQAAAAAdAAAAABAE,Prashanth Neel, Yash-Srinidhi Shetty-,In 1970s India a  young man rises from poverty to become a notorious gangster in the Kolar Gold Fields while seeking revenge for his mother's suffering.  
K.G.F: Chapter 2,motivated,Kannada,Action,8.5,2022,Amazon Prime,https://www.google.com/url?sa=i&url=https%3A%2F%2Fencrypted-tbn0.gstatic.com%2Fimages%3Fq%3Dtbn%3AANd9GcT382SdqjMvWMYkojMNJ1ckGG9BUxT4IoQLgptxSuGT-Ug3JiBd&psig=AOvVaw22WjqqcGGreQTARLh1nqab&ust=1762699882110000&source=images&cd=vfe&opi=89978449&ved=0CBEQjRxqFwoTCMjJ9fPm4pADFQAAAAAdAAAAABAE,Prashanth Neel, Yash-Sanjay Dutt-Raveena Tandon-,After conquering the Kolar Gold Fields a notorious gangster faces new challenges from rival factions and law enforcement as he seeks to expand his empire and protect his loved ones.  
RangiTaranga,happy,Kannada,Mystery,8.1,2015,Amazon Prime,https://www.google.com/url?sa=i&url=https%3A%2F%2Fencrypted-tbn2.gstatic.com%2Fimages%3Fq%3Dtbn%3AANd9GcT3-jSCRSzXg_M_9m1PK9ifimPP4KWCRJcIFD4Law-8pIalbE2J&psig=AOvVaw3ZYkGoQBQuhoapqNqXVyJY&ust=1762699947774000&source=images&cd=vfe&opi=89978449&ved=0CBEQjRxqFwoTCLDKwZPn4pADFQAAAAAdAAAAABAE,Anup Bhandari, Nirup Bhandari-Rashmika Mandanna-,A novelist returns to his ancestral village to find inspiration for his next book but gets entangled in a web of mystery and supernatural occurrences linked to the village's dark past.   
Kirik Party,happy,Kannada,Comedy-Drama,8.0,2016,Netflix,https://www.google.com/url?sa=i&url=https%3A%2F%2Fencrypted-tbn2.gstatic.com%2Fimages%3Fq%3Dtbn%3AANd9GcRJDqQNfY1zr9sImm2nk0oJ7Q91kdi3twJOJeSqaB00ucFDjc06&psig=AOvVaw3NMGbQXZkQ-Ew7sFJu0X__&ust=1762699988572000&source=images&cd=vfe&opi=89978449&ved=0CBEQjRxqFwoTCKCV06bn4pADFQAAAAAdAAAAABAE,Rishab Shetty, Rakshit Shetty-Rashmika Mandanna-,A group of engineering students navigate the ups and downs of college life friendship love and self-discovery while dealing with personal challenges and societal expectations.    
Love Mocktail ,romantic,Kannada,Romance,8.2,2020,Amazon Prime,https://www.google.com/url?sa=i&url=https%3A%2F%2Fencrypted-tbn0.gstatic.com%2Fimages%3Fq%3Dtbn%3AANd9GcRVyeGxL_VSs4fLFpD6BzAq70rwiO2fG0DbEcjV760kfGY5ANFH&psig=AOvVaw2aOphprmIkmWK1WrUW8nC2&ust=1762700008491000&source=images&cd=vfe&opi=89978449&ved=0CBEQjRxqFwoTCLDVkLDn4pADFQAAAAAdAAAAABAE,Darling Krishna, Milana Nagaraj-Asmita Shetty-,A young couple navigates the challenges of love marriage and societal expectations while trying to keep their relationship strong amidst various obstacles.  
Bell Bottom ,motivated,Kannada,Thriller,7.8,2019,Netflix,https://www.google.com/url?sa=i&url=https%3A%2F%2Fencrypted-tbn0.gstatic.com%2Fimages%3Fq%3Dtbn%3AANd9GcQCBxAxPHyBnIUozXpZtXIa1u5cJMLfZkKOalCN1p2C7Fkw7lg0&psig=AOvVaw2IvMN9rZTwh5s1rAAdQKh0&ust=1762700030100000&source=images&cd=vfe&opi=89978449&ved=0CBEQjRxqFwoTCNCfuLrn4pADFQAAAAAdAAAAABAE,Jayathirtha, Rishab Shetty-Nidhi Subbaiah-,In the 1980s a rookie detective is assigned to investigate a series of hijackings that lead him to uncover a larger conspiracy involving international criminals and political intrigue. 
Ugramm,motivated,Kannada,Action,8.1,2014,Amazon Prime,https://www.google.com/url?sa=i&url=https%3A%2F%2Fencrypted-tbn1.gstatic.com%2Fimages%3Fq%3Dtbn%3AANd9GcThxTipaxxgNEXVo_O-N4_vcN8ZVt3t5M60PNFAqA7O0gAX3ZYZ&psig=AOvVaw0S_lk4uC6MzaxCfwPSKukA&ust=1762700058473000&source=images&cd=vfe&opi=89978449&ved=0CBEQjRxqFwoTCLjv9sfn4pADFQAAAAAdAAAAABAE,Prashanth Neel, Sriimurali-Shruthi Hariharan-,A reformed gangster is forced to return to his violent past to protect his family and confront old enemies when they threaten his peaceful life.      
Super (II),motivated,Kannada,Science Fiction,8.0,2010,Netflix,https://www.google.com/url?sa=i&url=https%3A%2F%2Fencrypted-tbn3.gstatic.com%2Fimages%3Fq%3Dtbn%3AANd9GcRP4_4orIrrBfFj2hqOfNRctVnGssDivQnV5uzD0qP1wvZktT47&psig=AOvVaw3oBmJqrBcHjgvNjYk-n2A-&ust=1762700108383000&source=images&cd=vfe&opi=89978449&ved=0CBEQjRxqFwoTCPD829_n4pADFQAAAAAdAAAAABAE,Sadhu Kokila, Upendra-Nagabhushan-,In a dystopian future where corruption and crime run rampant a vigilante with superhuman abilities takes on the system to bring justice and hope to the oppressed citizens.  
Simple Agi Ondh Love Story,romantic,Kannada,Romance,7.9,2013,Amazon Prime,https://www.google.com/url?sa=i&url=https%3A%2F%2Fencrypted-tbn1.gstatic.com%2Fimages%3Fq%3Dtbn%3AANd9GcTQ-1P4Vk6lUiwmuO0SMXyBqGshtWpVLYr3oaj5XAh-d9-RNyq9&psig=AOvVaw2Wsq3QKFxf8MOEqSDDSBws&ust=1762700131567000&source=images&cd=vfe&opi=89978449&ved=0CBEQjRxqFwoTCIj94ern4pADFQAAAAAdAAAAABAE,Suni, Rakshit Shetty-Shraddha Srinath-,A quirky love story unfolds between a carefree young man and a strong-willed woman as they navigate the ups and downs of relationships and self-discovery.
Thithi ,happy,Kannada,Drama,8.3,2015,Netflix,https://www.google.com/url?sa=i&url=https%3A%2F%2Fencrypted-tbn1.gstatic.com%2Fimages%3Fq%3Dtbn%3AANd9GcT90PfnIvwpoiR8_efzFLwfTUCi0y1AxOKPLROpfkpDSVavSz2U&psig=AOvVaw0HosiUFxfYtDW6UrTFPrXk&ust=1762700153340000&source=images&cd=vfe&opi=89978449&ved=0CBEQjRxqFwoTCOjPm_Xn4pADFQAAAAAdAAAAABAE,Raam Reddy, Channegowda-Thammegowda-,In a remote village in Karnataka three generations of men grapple with the realities of life death and tradition following the passing of their patriarch. 
Dia,romantic,Kannada,Romance,7.5,2020,Amazon Prime,https://www.google.com/url?sa=i&url=https%3A%2F%2Fencrypted-tbn2.gstatic.com%2Fimages%3Fq%3Dtbn%3AANd9GcQMl1tX9r6a8nxuJUx4u60uvTqzzjNgGyWZ1x68NvlvIDn52u1G&psig=AOvVaw3S-CoU13HziXg22hW5luNu&ust=1762700179209000&source=images&cd=vfe&opi=89978449&ved=0CBEQjRxqFwoTCMDg14Ho4pADFQAAAAAdAAAAABAE,K.S. Ashoka, Pruthvi Ambaar-Shraddha Srinath-,A shy college girl develops feelings for a fellow student but struggles to express her emotions leading to a heartfelt journey of love and self-discovery.  
Kavaludaari ,motivated,Kannada,Thriller,8.0,2017,Netflix,https://www.google.com/url?sa=i&url=https%3A%2F%2Fencrypted-tbn2.gstatic.com%2Fimages%3Fq%3Dtbn%3AANd9GcSbM-2P8s7bgv8edCJ1UES1q8LzofzepwxHsFaQnLUzzhXg4o4O&psig=AOvVaw0UB8dG_yKI_9jtRq2INLPb&ust=1762700209024000&source=images&cd=vfe&opi=89978449&ved=0CBEQjRxqFwoTCJiK3I_o4pADFQAAAAAdAAAAABAE,Hemanth M. Rao, Rishi-Srinivas Prabhu-,A traffic police officer with a passion for solving mysteries stumbles upon a cold case that leads him down a dark path of secrets lies and unexpected revelations.
Raajakumara,motivated,Kannada,Drama,7.6,2017,Amazon Prime,https://www.google.com/url?sa=i&url=https%3A%2F%2Fencrypted-tbn2.gstatic.com%2Fimages%3Fq%3Dtbn%3AANd9GcThUS1sPSxl0V0iIqhd2NcyQ9SJhw3wzaA_UFEu_pNPlFdt_p9w&psig=AOvVaw3NEJu2sT3QCoklk6RRX49b&ust=1762700228477000&source=images&cd=vfe&opi=89978449&ved=0CBEQjRxqFwoTCMjG-5jo4pADFQAAAAAdAAAAABAE,Santhosh Ananddram, Puneeth Rajkumar-Rashmika Mandanna-,A successful businessman returns to his ancestral village and rediscovers his roots family values and the true meaning of happiness while confronting challenges from his past.
Avane Srimannarayana,motivated,Kannada,Action,8.1,2019,Netflix,https://www.google.com/url?sa=i&url=https%3A%2F%2Fencrypted-tbn3.gstatic.com%2Fimages%3Fq%3Dtbn%3AANd9GcQBBPYoWg8ZqqmPhriGVaj4Y0q9c4DhU4PRiM3Ysb_FYolWv-mv&psig=AOvVaw2F92e3LUdOmWbYuXXMadit&ust=1762700259993000&source=images&cd=vfe&opi=89978449&ved=0CBEQjRxqFwoTCJjov6ro4pADFQAAAAAdAAAAABAE,Sachin RaviSachin Ravi, Rakshit Shetty-Shraddha Srinath-,A corrupt police officer in a small town embarks on a mission to bring justice to the oppressed citizens while battling his own demons and moral dilemmas.
Velaikkaran,happy,Tamil,Action,7.1,2017,Amazon Prime,https://www.google.com/url?sa=i&url=https%3A%2F%2Fencrypted-tbn0.gstatic.com%2Fimages%3Fq%3Dtbn%3AANd9GcQVvVBxaIFrK4jSkzpSs59sPTdljfJi9q-1PX5AeQChc0QlKkn4&psig=AOvVaw3QSrAxWYHpIghFAYDyh0Bg&ust=1762700308861000&source=images&cd=vfe&opi=89978449&ved=0CBEQjRxqFwoTCPir3b_o4pADFQAAAAAdAAAAABAE,Mohan Raja, Sivakarthikeyan-Nayanthara-,An ambitious young man from a humble background rises through the corporate world while confronting ethical dilemmas and personal challenges to achieve his dreams. 
Thani Oruvan,motivated,Tamil,Thriller,8.3,2015,Netflix,https://www.google.com/url?sa=i&url=https%3A%2F%2Fencrypted-tbn1.gstatic.com%2Fimages%3Fq%3Dtbn%3AANd9GcSrcdVBcvm6WzE74lgeH6iXvGkVYHFccDO--6CtSLc3RjCjegin&psig=AOvVaw2Sy2cFPpxEVHwPEbY2BSPH&ust=1762700344498000&source=images&cd=vfe&opi=89978449&ved=0CBEQjRxqFwoTCPioq9Do4pADFQAAAAAdAAAAABAE,Mohan Raja, Jayam Ravi-Arvind Swamy-Nayanthara-,An upright police officer takes on a powerful and corrupt scientist involved in illegal medical experiments while facing personal and professional challenges.  
Mugavaree ,happy,Tamil,Romance,7.5,2000,Amazon Prime,https://www.google.com/url?sa=i&url=https%3A%2F%2Fencrypted-tbn2.gstatic.com%2Fimages%3Fq%3Dtbn%3AANd9GcRomxukUbzP-l1owtm61L-1JmRzvrbW-rgDb5TtvA4xSqq30J7N&psig=AOvVaw27o0oCBtUqy9GSAHBddCmD&ust=1762700364905000&source=images&cd=vfe&opi=89978449&ved=0CBEQjRxqFwoTCNiqgtro4pADFQAAAAAdAAAAABAE,V.Z. Dhorairaj, Ajith Kumar-Reemma Sen-,A struggling musician faces numerous obstacles in his pursuit of success while navigating love friendship and family expectations.  
Shivaji The Boss,motivated,Tamil,Action,7.8,2007,Netflix,https://www.google.com/url?sa=i&url=https%3A%2F%2Fencrypted-tbn0.gstatic.com%2Fimages%3Fq%3Dtbn%3AANd9GcReOYC7scRHMTGxI5vHlMiNP-JY_hFe0YdUYQiTSbQKEHJcDuAq&psig=AOvVaw05hSUaX8nqnbzMAhRCjHGE&ust=1762700387045000&source=images&cd=vfe&opi=89978449&ved=0CBEQjRxqFwoTCMj91eTo4pADFQAAAAAdAAAAABAE,S. Shankar, Rajinikanth-Asin-,A charismatic leader fights against corruption and injustice in society while inspiring people to stand up for their rights and make a difference.  
Boys ,happy,Tamil,Romance,7.2,2003,Amazon Prime,https://www.google.com/url?sa=i&url=https%3A%2F%2Fencrypted-tbn2.gstatic.com%2Fimages%3Fq%3Dtbn%3AANd9GcQgiccYqFWaXUbayaQ8jTjh028d__an92kQwqISjvbLIsTpExi1&psig=AOvVaw32zlGp6z0OwXO3nwHQZ0P9&ust=1762700406823000&source=images&cd=vfe&opi=89978449&ved=0CBEQjRxqFwoTCKj0hu7o4pADFQAAAAAdAAAAABAE,Shankar, Siddharth-Shruti Haasan-,A group of college friends navigate the challenges of youth love dreams and aspirations while facing societal pressures and personal growth.    
Vaaranam Aayiram,motivated,Tamil,Drama,8.1,2008,Netflix,https://www.google.com/url?sa=i&url=https%3A%2F%2Fencrypted-tbn2.gstatic.com%2Fimages%3Fq%3Dtbn%3AANd9GcTG_kNMPuwKwNXNaLP2S2sWFxg-8irMW2SxHOoG1qOjyEYBXfFe&psig=AOvVaw0N2X3XSNCiU-P0gf8f0uf2&ust=1762700424886000&source=images&cd=vfe&opi=89978449&ved=0CBEQjRxqFwoTCIia1fbo4pADFQAAAAAdAAAAABAE,Gautham Vasudev Menon,Suriya-Simran-Ramya ,A father and son help each other through growing up romance tragedy and adventure.
Annamalai,motivated,Tamil,Action,7.5,1992,Amazon Prime,https://www.google.com/url?sa=i&url=https%3A%2F%2Fencrypted-tbn1.gstatic.com%2Fimages%3Fq%3Dtbn%3AANd9GcQeZ6p8HCRw2jljAVkCQ8icV4FDLXO3M-MSsJ_9NG_vTiqTMThO&psig=AOvVaw2GfLauYbIs3xHNvBLkBnZS&ust=1762701632268000&source=images&cd=vfe&opi=89978449&ved=0CBEQjRxqFwoTCKDVq7bt4pADFQAAAAAdAAAAABAE,Suresh Krishna,Rajinikanth-Nagma-,A humble village man rises to become a powerful figure in the city while battling corruption and injustice to protect his loved ones. 
Mayakkam Enna,happy,Tamil,Romance,8.1,2011,Netflix,https://www.google.com/url?sa=i&url=https%3A%2F%2Fencrypted-tbn0.gstatic.com%2Fimages%3Fq%3Dtbn%3AANd9GcQC5U4XWttj_6Y-hCceqfIR3A5-bj5RjEQQ8ODow9Ti_cRrYRYx&psig=AOvVaw18SBJ4P8eckCi107d5AqbP&ust=1762701657542000&source=images&cd=vfe&opi=89978449&ved=0CBEQjRxqFwoTCLCWtsLt4pADFQAAAAAdAAAAABAE,K. Selvaraghavan, R. Madhavan-Sanam Shetty-,An aspiring wildlife photographer's life takes a dramatic turn when he meets a free-spirited woman leading to a passionate yet tumultuous romance filled with self-discovery and emotional highs and lows.  
Pudhupettai,motivated,Tamil,Crime,8.1,2006,Amazon Prime,https://www.google.com/url?sa=i&url=https%3A%2F%2Fencrypted-tbn2.gstatic.com%2Fimages%3Fq%3Dtbn%3AANd9GcRjQDkmilnmuoGjuQnac6lovMkrwWLeujKM9mwh98I53K4xv4nb&psig=AOvVaw22n5uGiMcGnKmyV0gvnlWr&ust=1762701701560000&source=images&cd=vfe&opi=89978449&ved=0CBEQjRxqFwoTCOj2stft4pADFQAAAAAdAAAAABAE,K. Selvaraghavan, Dhanush-Sanam Shetty,After running away from his home Kumar falls in with a gang and slowly rises through the ranks of the criminal underworld.
Kaakha Kaakha,happy,Tamil,Action,7.9,2003,Netflix,https://www.google.com/url?sa=i&url=https%3A%2F%2Fencrypted-tbn2.gstatic.com%2Fimages%3Fq%3Dtbn%3AANd9GcRjQDkmilnmuoGjuQnac6lovMkrwWLeujKM9mwh98I53K4xv4nb&psig=AOvVaw22n5uGiMcGnKmyV0gvnlWr&ust=1762701701560000&source=images&cd=vfe&opi=89978449&ved=0CBEQjRxqFwoTCOj2stft4pADFQAAAAAdAAAAABAE,Gautham Vasudev Menon, Suriya-Asin-,An honest police officer takes on a dangerous criminal organization while balancing his personal life and relationships.    
Iru Mugan,motivated,Tamil,Action,7.2,2016,Amazon Prime,https://www.google.com/url?sa=i&url=https%3A%2F%2Fencrypted-tbn3.gstatic.com%2Fimages%3Fq%3Dtbn%3AANd9GcSQnKkqVJQQU3kZlckLhLcjMqd1ZReSH3dV0XPbmu3DIEj37_dV&psig=AOvVaw0AC4iFAyowjsFpGWRmJu1F&ust=1762701731562000&source=images&cd=vfe&opi=89978449&ved=0CBEQjRxqFwoTCOjl4eXt4pADFQAAAAAdAAAAABAE,Anand Shankar, Vikram-Nayanthara-,Following the attack on the Indian Embassy in Malaysia a former RAW agent is assigned to track down the culprit. His investigations lead him to his old enemy who has now developed a hazardous drug.
24,motivated,Tamil,Thriller,8.0,2016,Netflix,https://www.google.com/url?sa=i&url=https%3A%2F%2Fencrypted-tbn1.gstatic.com%2Fimages%3Fq%3Dtbn%3AANd9GcRmc9JEHvpXmkFJsFqgftmkF7blyZNOPCJFqmOvMOcXFwbhdpIM&psig=AOvVaw0qj0p9TxDzhpu2tluCYBoD&ust=1762701755166000&source=images&cd=vfe&opi=89978449&ved=0CBEQjRxqFwoTCOjA9vDt4pADFQAAAAAdAAAAABAE,Vikram K. Kumar, Suriya-Samantha Akkineni-,A scientist invents a time-travel device that falls into the wrong hands leading to a thrilling chase across time to prevent a catastrophic event.    
Vinnaithaandi Varuvaayaa,romantic,Tamil,Romance,7.7,2010,Amazon Prime,https://www.google.com/url?sa=i&url=https%3A%2F%2Fencrypted-tbn2.gstatic.com%2Fimages%3Fq%3Dtbn%3AANd9GcQf3ifdzRuxzcRCfoxeYqqPyitzffER19s0qUd0Rc7H1BYPun82&psig=AOvVaw0W8SXf4zTpTg8GcoyqcTQQ&ust=1762701779308000&source=images&cd=vfe&opi=89978449&ved=0CBEQjRxqFwoTCKCavfzt4pADFQAAAAAdAAAAABAE,Gautham Vasudev Menon, Silambarasan-Trisha Krishnan-,An aspiring filmmaker goes through the ups and downs of romance when he falls for a Christian woman who says she only wants to be friends.
Dasara,happy,Kannada,Drama,8.4,2023,Amazon Prime,https://www.google.com/url?sa=i&url=https%3A%2F%2Fencrypted-tbn0.gstatic.com%2Fimages%3Fq%3Dtbn%3AANd9GcREcAY5AuMFftkNx3uasFi5BmsCRrL9UTu6gsj-1gz_0zMSLFYs&psig=AOvVaw2-pVC-DUaWPQ_inFgJQ0lk&ust=1762701802814000&source=images&cd=vfe&opi=89978449&ved=0CBEQjRxqFwoTCIjE5Ifu4pADFQAAAAAdAAAAABAE,Srikanth Odela, Dhananjaya-Shruthi Hariharan-,In a rural setting a young man struggles to support his family while dealing with societal pressures and personal aspirations. 
Ponniyin Selvan: I,motivated,Tamil,Historical,8.4,2022,Amazon Prime,https://www.google.com/url?sa=i&url=https%3A%2F%2Fencrypted-tbn3.gstatic.com%2Fimages%3Fq%3Dtbn%3AANd9GcTq-Yh2-vPwKMxy7ZJ7vhbqtin4NxQc_ZXjYdJbWRTmlIz4EuV9&psig=AOvVaw3bAo3pXdez6NV79-vmUYQs&ust=1762701824398000&source=images&cd=vfe&opi=89978449&ved=0CBEQjRxqFwoTCKCIgZLu4pADFQAAAAAdAAAAABAE,Sruti Harihara SubramanianMani Ratnam, Vikram-Simran-Rahman-,The epic tale of Arulmozhivarman's rise to power as he navigates political intrigue family dynamics and battles to unite the Chola Empire. 
Ponniyin Selvan: II,motivated,Tamil,Historical,8.5,2023,Amazon Prime,https://www.google.com/url?sa=i&url=https%3A%2F%2Fencrypted-tbn3.gstatic.com%2Fimages%3Fq%3Dtbn%3AANd9GcQOBrGunSPLlnt56AOwwklNjWBB8qS8Z1Vv_ReoWDJYhO8-wU0f&psig=AOvVaw1ZDbIX2mOIJDRN9c4TzZ-m&ust=1762701843448000&source=images&cd=vfe&opi=89978449&ved=0CBEQjRxqFwoTCPiQn5vu4pADFQAAAAAdAAAAABAE,Sruti Harihara SubramanianMani Ratnam, Vikram-Aishwarya Rai Bachchan-,The continuation of Arulmozhivarman's journey as he faces new challenges threats and alliances in his quest to consolidate power and protect his empire.  
Master,motivated,Tamil,Action,7.6,2021,Netflix,https://www.google.com/url?sa=i&url=https%3A%2F%2Fencrypted-tbn3.gstatic.com%2Fimages%3Fq%3Dtbn%3AANd9GcSYQfIvAL9hPymsSd5nyOo7raJ-Gp0IGwikhGrecXP5Hc6B2EL-&psig=AOvVaw1zf6FWbUYDHGjPoK58Pt1M&ust=1762701865044000&source=images&cd=vfe&opi=89978449&ved=0CBEQjRxqFwoTCNjAuqXu4pADFQAAAAAdAAAAABAE,Lokesh Kanagaraj, Vijay-Thalapathy-,An alcoholic professor is sent to a juvenile detention center where he clashes with a ruthless gangster who uses the facility to recruit young criminals.   
Kaithi,motivated,Tamil,Action,8.2,2019,Amazon Prime,https://www.google.com/url?sa=i&url=https%3A%2F%2Fencrypted-tbn3.gstatic.com%2Fimages%3Fq%3Dtbn%3AANd9GcRaauWiZuruTucstvUcmukhacDvpkNJPeZ2PmGonViczV83byDs&psig=AOvVaw1XeELj4JZ-q3h2Zt87iH6T&ust=1762701886225000&source=images&cd=vfe&opi=89978449&ved=0CBEQjRxqFwoTCPjzv6_u4pADFQAAAAAdAAAAABAE,Lokesh Kanagaraj, Karthi-Lakshmi Menon-,A recently released prisoner must help a police officer transport a truckload of seized drugs while evading a vengeful drug lord and his henchmen.  
Asuran,motivated,Tamil,Drama,8.5,2019,Netflix,https://www.google.com/url?sa=i&url=https%3A%2F%2Fencrypted-tbn3.gstatic.com%2Fimages%3Fq%3Dtbn%3AANd9GcRuinJhyHTNVOoHaC_ebL8xxXvdox3nrStspu5Jm3gJSlDHQZc6&psig=AOvVaw0EaH7lwjZabTd8wXMWLWbW&ust=1762701905621000&source=images&cd=vfe&opi=89978449&ved=0CBEQjRxqFwoTCMje2rju4pADFQAAAAAdAAAAABAE,Vetrimaaran, Dhanush-Manju Warrier-,A farmer and his family face brutal oppression from a wealthy landlord leading to a violent struggle for justice and survival in rural Tamil Nadu.  Kaala,motivated,Tamil,Action,7.1,2018,Amazon Prime,https://www.google.com/url?sa=i&url=https%3A%2F%2Fencrypted-tbn3.gstatic.com%2Fimages%3Fq%3Dtbn%3AANd9GcTOILvLWnaD2alK1PTsic3LK5Rr3zry46wYtI-lDnqJhkX2oxie&psig=AOvVaw1GUeOwMkI0ZV2D7J87mPWF&ust=1762702675179000&source=images&cd=vfe&opi=89978449&ved=0CBEQjRxqFwoTCIju2Kfx4pADFQAAAAAdAAAAABAE,
Enthiran,motivated,Tamil,Science Fiction,7.1,2010,Netflix,https://www.google.com/url?sa=i&url=https%3A%2F%2Fencrypted-tbn0.gstatic.com%2Fimages%3Fq%3Dtbn%3AANd9GcTU8IOwXKKxPMAeJAJUpntlOK6ocydC_gPfjUK9WxitbZZwjdpZ&psig=AOvVaw0yaBMKzKrnmUiJYcXm7-tW&ust=1762702693962000&source=images&cd=vfe&opi=89978449&ved=0CBEQjRxqFwoTCLCBz7Dx4pADFQAAAAAdAAAAABAE,S. Shankar, Rajinikanth-Aishwarya Rai Bachchan-,A scientist creates an advanced humanoid robot that falls in love with his girlfriend leading to a series of dramatic and action-packed events. 
Imaikkaa Nodigal,motivated,Tamil,Thriller,7.8,2018,Amazon Prime,https://www.google.com/url?sa=i&url=https%3A%2F%2Fencrypted-tbn3.gstatic.com%2Fimages%3Fq%3Dtbn%3AANd9GcQ9QcMtui-dmwc8DjD_JsMnyFkmuJUTAV9EZ0_AU9E9KATOxvN6&psig=AOvVaw2lq7eNScGBTu23pxV6Y4J5&ust=1762702716286000&source=images&cd=vfe&opi=89978449&ved=0CBEQjRxqFwoTCLClorvx4pADFQAAAAAdAAAAABAE,R. Ajay Gnanamuthu, Nayanthara-Anurag Kashyap-,A determined police officer hunts down a serial killer who targets women while confronting her own traumatic past.   
Vikram,motivated,Tamil,Action,8.0,2022,Amazon Prime,https://www.google.com/url?sa=i&url=https%3A%2F%2Fencrypted-tbn2.gstatic.com%2Fimages%3Fq%3Dtbn%3AANd9GcQePndb2bpcl_w5Gmz1o2HYpcpuAALl_jJ-XvYz-IvbdDUr5K1i&psig=AOvVaw0QG4vgOVJp7zxgkWGOxhql&ust=1762702749005000&source=images&cd=vfe&opi=89978449&ved=0CBEQjRxqFwoTCOCb8Mrx4pADFQAAAAAdAAAAABAEhttps://www.google.com/url?sa=i&url=https%3A%2F%2Fencrypted-tbn1.gstatic.com%2Fimages%3Fq%3Dtbn%3AANd9GcQeX5pHwxI99MArL9SUmGsWN-RL_7AHEIi-kv1pG6j2_JMhpjWc&psig=AOvVaw3CHTKuy4O6JMgvoB4wrV4M&ust=1762702770289000&source=images&cd=vfe&opi=89978449&ved=0CBEQjRxqFwoTCNi3j9Xx4pADFQAAAAAdAAAAABAE,Lokesh Kanagaraj, Kamal Haasan-Fahadh Faasil-,A retired agent is pulled back into action to take down a powerful criminal organization threatening national security.   
Bharath Ane Nenu,motivated,Telugu,Action,7.9,2018,Amazon Prime,https://www.google.com/url?sa=i&url=https%3A%2F%2Fencrypted-tbn1.gstatic.com%2Fimages%3Fq%3Dtbn%3AANd9GcQeX5pHwxI99MArL9SUmGsWN-RL_7AHEIi-kv1pG6j2_JMhpjWc&psig=AOvVaw3CHTKuy4O6JMgvoB4wrV4M&ust=1762702770289000&source=images&cd=vfe&opi=89978449&ved=0CBEQjRxqFwoTCNi3j9Xx4pADFQAAAAAdAAAAABAE,Koratala Siva, Mahesh Babu-Samantha Akkineni-,A young man becomes the Chief Minister of Andhra Pradesh and sets out to eradicate corruption and bring about social change.  
Sye Raa Narasimha Reddy,happy,Telugu,Historical,7.2,2019,Amazon Prime,https://www.google.com/url?sa=i&url=https%3A%2F%2Fencrypted-tbn1.gstatic.com%2Fimages%3Fq%3Dtbn%3AANd9GcRsRyIWoR1nW-29No78SW1wgm7c99kQ9ikXYuGnGRhCr3-l2LVF&psig=AOvVaw1WRKG333ss1wCLNjz2BbTG&ust=1762702789790000&source=images&cd=vfe&opi=89978449&ved=0CBEQjRxqFwoTCJjCr97x4pADFQAAAAAdAAAAABAE,Surender Reddy, Chiranjeevi-Nayanthara-,Based on the life of Uyyalawada Narasimha Reddy who led a rebellion against British rule in India during the 19th century.          
Ghazi,motivated,Telugu,War,8.0,2017,Amazon Prime,https://www.google.com/url?sa=i&url=https%3A%2F%2Fencrypted-tbn0.gstatic.com%2Fimages%3Fq%3Dtbn%3AANd9GcQZBISIunCLKoAAB_ddJn7RQlmewYqiDO28URhEaCkyOUXwO1o9&psig=AOvVaw29BHXCU9j3TeyJXRUlBrcj&ust=1762702828062000&source=images&cd=vfe&opi=89978449&ved=0CBEQjRxqFwoTCPidzvDx4pADFQAAAAAdAAAAABAE,Sankalp Reddy, Rana Daggubati-Taapsee Pannu-,During the Indo-Pakistani War of 1971 a Pakistani submarine threatens Indian naval vessels and an Indian Navy officer must find a way to neutralize the threat.    
Ekkadiki Pothavu Chinnavada,romantic,Telugu,Romance,7.1,2016,Amazon Prime,https://www.google.com/url?sa=i&url=https%3A%2F%2Fencrypted-tbn2.gstatic.com%2Fimages%3Fq%3Dtbn%3AANd9GcSxTGA9BkSZPD1eK8KM10fk6SiF4TW4FGjBwz0en8nVRN4783jm&psig=AOvVaw3tAgv9GAvjWL71c3VtABS6&ust=1762702850151000&source=images&cd=vfe&opi=89978449&ved=0CBEQjRxqFwoTCOipj_vx4pADFQAAAAAdAAAAABAE,Vi Anand, Nikhil Siddhartha-Swara Bhaskar-,A female ghost fell in love with a boy and what followed is a funny but emotional journey of true love.
Gentleman,motivated,Telugu,Action,7.8,2016,Amazon Prime,https://www.google.com/url?sa=i&url=https%3A%2F%2Fencrypted-tbn3.gstatic.com%2Fimages%3Fq%3Dtbn%3AANd9GcTnbuC7LTqo5CWkE-6_o1y8xLBfubVCP9hCDa0ObU-DHQ7q0uwY&psig=AOvVaw3v4DCI91LQaz13o3F4hl5B&ust=1762702869649000&source=images&cd=vfe&opi=89978449&ved=0CBEQjRxqFwoTCMCOuYTy4pADFQAAAAAdAAAAABAE,Mohana Krishna Indraganti, Nani-Samantha Akkineni-,A software engineer turns vigilante to fight against corruption and injustice in society while facing personal challenges.   
Fidaa,romantic,Telugu,Romance,7.5,2017 ,Amazon Prime,https://www.google.com/url?sa=i&url=https%3A%2F%2Fencrypted-tbn2.gstatic.com%2Fimages%3Fq%3Dtbn%3AANd9GcQ8HSipB1jJtOQSTqcyBXFm8CV3kP_5pqBBZMoWUg_2AbxWEklb&psig=AOvVaw1aHnK9o-Rd0OIQCA2BvzJv&ust=1762702896032000&source=images&cd=vfe&opi=89978449&ved=0CBEQjRxqFwoTCOiHgpHy4pADFQAAAAAdAAAAABAE,Sekhar Kammula, Varun Tej-Sai Pallavi-,Varun and Bhanu both from different worlds face challenges in their relationship due to cultural differences and family expectations.
Malli Malli Idi Rani Roju,romantic,Telugu,Romance,7.6,2015,Amazon Prime,https://www.google.com/url?sa=i&url=https%3A%2F%2Fencrypted-tbn0.gstatic.com%2Fimages%3Fq%3Dtbn%3AANd9GcTZAYcUdHeafPW66kAi8wW58l6LX_eY-0TlvV8eRjQVua7Fc5Hx&psig=AOvVaw2Y5AeBsD2B8qpnVU0A_3Xl&ust=1762702916927000&source=images&cd=vfe&opi=89978449&ved=0CBEQjRxqFwoTCLC69Zry4pADFQAAAAAdAAAAABAE,Kranthi Madhav, SharwanandNithya MenenPunarnavi Bhupalam,Malli Malli Idi Rani Roju is a feel good love story which stays within your heart.
F2: Fun and Frustration,happy,Telugu,Comedy,7.3,2019,Amazon Prime,https://www.google.com/url?sa=i&url=https%3A%2F%2Fencrypted-tbn2.gstatic.com%2Fimages%3Fq%3Dtbn%3AANd9GcQHKSOPuCV3RyKXpSIdekQVwRd56gAqEPFRAyoMyMyBU0UyBGNH&psig=AOvVaw3JgM3oaz9DWmCqzHWgOaui&ust=1762702936262000&source=images&cd=vfe&opi=89978449&ved=0CBEQjRxqFwoTCMj1l6Ty4pADFQAAAAAdAAAAABAE,Anil Ravipudi, Venkatesh-Rakul Preet Singh-,Two friends face hilarious challenges in their married lives leading to comedic situations and misunderstandings.   
Ayan,motivated,Tamil,Action,7.3,2009,Netflix,https://www.google.com/url?sa=i&url=https%3A%2F%2Fencrypted-tbn1.gstatic.com%2Fimages%3Fq%3Dtbn%3AANd9GcSylwh-EOnuIOXPwL_TtYWGfKbg_TjcAdsdf1fwe6a-y_dYdpKV&psig=AOvVaw1Rz4x0dxt2EreFrrbQFn9N&ust=1762702954718000&source=images&cd=vfe&opi=89978449&ved=0CBEQjRxqFwoTCLDuga3y4pADFQAAAAAdAAAAABAE,K.V. Anand, Suriya-Tamannaah Bhatia-,A skilled smuggler gets entangled in a dangerous game of cat and mouse with law enforcement while trying to protect his loved ones.  
Ghajini,sad,Tamil,Thriller,7.6,2005,Amazon Prime,https://www.google.com/url?sa=i&url=https%3A%2F%2Fencrypted-tbn2.gstatic.com%2Fimages%3Fq%3Dtbn%3AANd9GcRX-4t1cLuAVzkK5aH3rvBeLD3ub-FMULeQx0kveFvSptVK5IvX&psig=AOvVaw0hsC8yCbPa3ET6ojYM-8Wl&ust=1762702972875000&source=images&cd=vfe&opi=89978449&ved=0CBEQjRxqFwoTCIjP2bXy4pADFQAAAAAdAAAAABAE,A.R. Murugadoss, Suriya-Asin,   A man with short-term memory loss embarks on a quest for revenge against those who wronged him while piecing together fragments of his past.    Seethamma Vaakitlo Sirimalle Chettu,romantic,Telugu,Romance,7.3,2013,Amazon Prime,https://www.google.com/url?sa=i&url=https%3A%2F%2Fencrypted-tbn2.gstatic.com%2Fimages%3Fq%3Dtbn%3AANd9GcRYgFifSbqnI4Klt63wayNmCoNI07Jso7syUttWIj9pPc9UCU_J&psig=AOvVaw1_hSFXkTbd5R33H8Dl48a-&ust=1762703018494000&source=images&cd=vfe&opi=89978449&ved=0CBEQjRxqFwoTCKD5sMvy4pADFQAAAAAdAAAAABAE,Parasuram, Venkatesh-Samantha Akkineni-,In a traditional family setting two brothers navigate love marriage and familial expectations leading to heartfelt moments and comedy.  
Geetha Govindam,romantic,Telugu,Romance,7.5,2018,Amazon Prime,https://www.google.com/url?sa=i&url=https%3A%2F%2Fencrypted-tbn2.gstatic.com%2Fimages%3Fq%3Dtbn%3AANd9GcSaLvsnPEnYLN6sOQd8teKbI9CaF6upD_XfBxVZiH95Vr2tKWPQ&psig=AOvVaw0f0x00GQmZo6NNrGj2VlJW&ust=1762703039454000&source=images&cd=vfe&opi=89978449&ved=0CBEQjRxqFwoTCNCVrtXy4pADFQAAAAAdAAAAABAE,Parasuram, Vijay Deverakonda-Rashmika Mandanna-,A charming lecturer falls for a traditional student leading to a series of comedic and romantic events as he tries to win her heart.    
Majili,romantic,Telugu,Romance,7.2,2019,Amazon Prime,https://www.google.com/url?sa=i&url=https%3A%2F%2Fencrypted-tbn3.gstatic.com%2Fimages%3Fq%3Dtbn%3AANd9GcT0o-jbMDFFRjRM_C8WSRGR42poRdt2LMs2E9xlG8oIBkeqVZdV&psig=AOvVaw0Y8FdXtaz84zfXHDZBemZI&ust=1762703213421000&source=images&cd=vfe&opi=89978449&ved=0CBEQjRxqFwoTCNi5sKjz4pADFQAAAAAdAAAAABAE,Shiva Nirvana, Naga Chaitanya-Samantha Akkineni-,After being abandoned by his lover Anshu Poorna takes to alcohol and is forced to marry his neighbour Sravani. However he soon discovers her unrequited love for him and falls for her.                 
Nuvvu Naaku Nachav,romantic,Telugu,Romance,8.1,2001,Amazon Prime,https://www.google.com/url?sa=i&url=https%3A%2F%2Fencrypted-tbn3.gstatic.com%2Fimages%3Fq%3Dtbn%3AANd9GcTJnhF-iLtD-iVLyqmSbmsOeTIDAc6e4gmD_bWMljILYQYNzi9K&psig=AOvVaw2ozRyqchuXtaHidIxGE0WX&ust=1762703234600000&source=images&cd=vfe&opi=89978449&ved=0CBEQjRxqFwoTCLjo9bLz4pADFQAAAAAdAAAAABAE,Vijay K. Bhaskar, Venkatesh-Genelia D'Souza-,A fun-loving man's life takes a turn when he falls for his cousin leading to humorous and romantic situations. 
Chalo,romantic,Telugu,Romance,7.1,2018,Amazon Prime,https://www.google.com/url?sa=i&url=https%3A%2F%2Fencrypted-tbn0.gstatic.com%2Fimages%3Fq%3Dtbn%3AANd9GcTidNPqa8JXkhoKUWQZFHSEI9KtFrYYsIAoREMPWdTARISYL1zL&psig=AOvVaw3QfBt0wTrov9_17D52GY4O&ust=1762703307361000&source=images&cd=vfe&opi=89978449&ved=0CBEQjRxqFwoTCMi2jdXz4pADFQAAAAAdAAAAABAE,Venky Kudumula, Naga Shaurya-Rashmika Mandanna-,In a village divided by a longstanding feud two young lovers from opposing sides strive to unite their families through their love. 
Uppena,romantic,Telugu,Romance,6.9,2021,Amazon Prime,https://www.google.com/url?sa=i&url=https%3A%2F%2Fencrypted-tbn2.gstatic.com%2Fimages%3Fq%3Dtbn%3AANd9GcSK8tTUnbGwqEZpgQ2Yq13DT6lPSTnLKTYZEnbvwpfpXipELP-H&psig=AOvVaw0sYzczFeP9KldDBoZHHVbU&ust=1762703328211000&source=images&cd=vfe&opi=89978449&ved=0CBEQjRxqFwoTCKCoht_z4pADFQAAAAAdAAAAABAE,Buchi Babu Sana, Vijay Sethupathi-Kriti Sanon-,The son of a fishing community falls for a village head's daughter but they face violent opposition from the girl's doggedly old-fashioned father.
Arya,romantic,Tamil,Romance,7.3,2004,Netflix,https://www.google.com/url?sa=i&url=https%3A%2F%2Fencrypted-tbn2.gstatic.com%2Fimages%3Fq%3Dtbn%3AANd9GcRpBHKr58tAXmGC2qv3uBDLsmvr2m7UV6SHaMjZE_quJoyb4Mui&psig=AOvVaw2tJKa8dki9QmX6RXHYTCEe&ust=1762703346135000&source=images&cd=vfe&opi=89978449&ved=0CBEQjRxqFwoTCNDm0efz4pADFQAAAAAdAAAAABAE,Sukumar, Silambarasan-Trisha Krishnan-,A college student falls in love with a girl who is already in a relationship leading to a complex love triangle. 
Minnale,romantic,Tamil,Romance,7.2,2001,Amazon Prime,https://www.google.com/url?sa=i&url=https%3A%2F%2Fencrypted-tbn1.gstatic.com%2Fimages%3Fq%3Dtbn%3AANd9GcROqooeBIaYfRfPQOZPkQvCUNVtdSopqDC9uhPMBe_uoU0a96eT&psig=AOvVaw0LJaMEFYl6m2EKbhaNeK3e&ust=1762703375988000&source=images&cd=vfe&opi=89978449&ved=0CBEQjRxqFwoTCPjm6PXz4pADFQAAAAAdAAAAABAE,Gautham Vasudev Menon, Madhavan-Reema Sen-,A young girl is torn between an obsessive lover and a mild-mannered suitor.
Sye Raa Narasimha Reddy,motivated,Telugu,Historical,7.2,2019,Amazon Prime,https://www.google.com/url?sa=i&url=https%3A%2F%2Fencrypted-tbn1.gstatic.com%2Fimages%3Fq%3Dtbn%3AANd9GcRsRyIWoR1nW-29No78SW1wgm7c99kQ9ikXYuGnGRhCr3-l2LVF&psig=AOvVaw19rB2N2YU_ElW8-h9raVRk&ust=1762703396236000&source=images&cd=vfe&opi=89978449&ved=0CBEQjRxqFwoTCLCTxP_z4pADFQAAAAAdAAAAABAE,Surender Reddy, Chiranjeevi-Nayanthara-,Based on the life of Uyyalawada Narasimha Reddy who led a rebellion against British rule in India during the 19th century.  
Ekkadiki Pothavu Chinnavada,romantic,Telugu,Romance,7.1,2016,Amazon Prime,https://www.google.com/url?sa=i&url=https%3A%2F%2Fencrypted-tbn2.gstatic.com%2Fimages%3Fq%3Dtbn%3AANd9GcSxTGA9BkSZPD1eK8KM10fk6SiF4TW4FGjBwz0en8nVRN4783jm&psig=AOvVaw2GOFvwv-rK02xqBrigZucD&ust=1762703417256000&source=images&cd=vfe&opi=89978449&ved=0CBEQjRxqFwoTCLjdxIn04pADFQAAAAAdAAAAABAE,Vi Anand, Nikhil Siddhartha-Swara Bhaskar-,A female ghost fell in love with a boy and what followed is a funny but emotional journey of true love.
Happy Days, happy,Tamil,Romance,7.5,2007,Netflix,https://www.google.com/url?sa=i&url=https%3A%2F%2Fencrypted-tbn1.gstatic.com%2Fimages%3Fq%3Dtbn%3AANd9GcRQGxlHeRaHrWOmtNsHEpoZ40JYWADfXpobvx7KvqiAFQ1GiSHQ&psig=AOvVaw2Mrb7r3TsSrcHh5gRP36w2&ust=1762702998534000&source=images&cd=vfe&opi=89978449&ved=0CBEQjRxqFwoTCJjL-sHy4pADFQAAAAAdAAAAABAE,Sekhar Kammula, Varun Sandesh-Alice Tzue-,A group of college friends navigate love friendship and life challenges during their formative years.     
C/o Kancharapalem,romantic,Telugu,Romance,8.5,2018,Amazon Prime,https://www.google.com/url?sa=i&url=https%3A%2F%2Fencrypted-tbn3.gstatic.com%2Fimages%3Fq%3Dtbn%3AANd9GcRiRkeaom58Vyvs3DIpInwrg7d8XruUqILwxpXWA9aAfhSMCfrs&psig=AOvVaw2s3amF-17cjFt_YuXE6TBZ&ust=1762703505020000&source=images&cd=vfe&opi=89978449&ved=0CBEQjRxqFwoTCODlrrP04pADFQAAAAAdAAAAABAE,Venkatesh Maha,Radha BessySubba Rao VepadaPraneeta Patnaik,Four unconventional love stories set in the town and including the people of Kancherapalem.
Mahanati,romantic,Telugu,Drama,8.5,2018, Amazon Prime,https://www.google.com/url?sa=i&url=https%3A%2F%2Fencrypted-tbn0.gstatic.com%2Fimages%3Fq%3Dtbn%3AANd9GcSs_t2P9RXtVxKzSpzMItdlSN_aTbZNvimkB_0qSLwPaToBCqaM&psig=AOvVaw0xJznyHMNkh4JzceoU2KVH&ust=1762703531569000&source=images&cd=vfe&opi=89978449&ved=0CBEQjRxqFwoTCOj6jcD04pADFQAAAAAdAAAAABAE,Nag Ashwin, Keerthy Suresh-Samantha Akkineni-,The life and career of legendary South Indian actress Savitri showcasing her rise to stardom and personal struggles.  
Drishyam,motivated,Malayalam,Thriller,8.3,2013,Amazon Prime,https://www.google.com/url?sa=i&url=https%3A%2F%2Fencrypted-tbn3.gstatic.com%2Fimages%3Fq%3Dtbn%3AANd9GcQpJ2vdy5Gn124nCuvPL79MDDKxuff-wNLrtq-AGcMIP6CarDY3&psig=AOvVaw2-JuAsADpSsVHP5eGtdJb1&ust=1762703668949000&source=images&cd=vfe&opi=89978449&ved=0CBEQjRxqFwoTCNCFxIH14pADFQAAAAAdAAAAABAE,Jeethu Joseph, Mohanlal-Ansiba Hassan-,A man uses his wit and intelligence to protect his family from a relentless police investigation after they become involved in a crime.  
Drishyam 2,motivated,Malayalam,Thriller,8.5,2021,Amazon Prime,https://www.google.com/url?sa=i&url=https%3A%2F%2Fencrypted-tbn2.gstatic.com%2Fimages%3Fq%3Dtbn%3AANd9GcQvsD1lnZFgCjU0ak33bw8kkkSrKCMSGM1B1LuiLcH_MIHkXKoH&psig=AOvVaw0bom_1h-QOFWONpEupiKJ1&ust=1762703573032000&source=images&cd=vfe&opi=89978449&ved=0CBEQjRxqFwoTCLCw4tP04pADFQAAAAAdAAAAABAE,Jeethu Joseph, Mohanlal-Ansiba Hassan-,The sequel follows the protagonist as he navigates new challenges and threats while trying to maintain his family's safety and secrecy.  
Kumbalangi Nights,happy,Malayalam,Drama,8.6,2019,Amazon Prime,https://www.google.com/url?sa=i&url=https%3A%2F%2Fencrypted-tbn2.gstatic.com%2Fimages%3Fq%3Dtbn%3AANd9GcQr7GRL_LxFcRcfFCERrPKmrCDmFfl-pAJ2unUvoRCmTG2yOYKJ&psig=AOvVaw1pfWsN0nI0DQST1OmgWMoQ&ust=1762703613320000&source=images&cd=vfe&opi=89978449&ved=0CBEQjRxqFwoTCLCWhef04pADFQAAAAAdAAAAABAE,Madhu C. Narayanan, Fahadh Faasil-Shane Nigam-,The story revolves around four brothers with strained relationships who come together to confront their personal demons and find solace in each other.   
Bangalore Days,happy,Malayalam,Drama,8.3,2014,Netflix,https://www.google.com/url?sa=i&url=https%3A%2F%2Fencrypted-tbn2.gstatic.com%2Fimages%3Fq%3Dtbn%3AANd9GcTn736Ly0XgVKL-8lTMet19Yzgt3uohg-GKoar9AkMh-NjPSyn-&psig=AOvVaw2sukrIMNBVVgs9V4npTDvS&ust=1762705257339000&source=images&cd=vfe&opi=89978449&ved=0CBEQjRxqFwoTCKCx-fb64pADFQAAAAAdAAAAABAE,Anjali Menon, Dulquer Salmaan-Nivin Pauly-,The lives of three cousins intertwine as they navigate love career and friendship in the bustling city of Bangalore. 
Premam,romantic,Malayalam,Romance,8.2,2015,Amazon Prime,https://www.google.com/url?sa=i&url=https%3A%2F%2Fencrypted-tbn1.gstatic.com%2Fimages%3Fq%3Dtbn%3AANd9GcSTwRIznTUqSpQReY6jg0nBxlW76nctczpbufx5O8Eu74YjXzPC&psig=AOvVaw3bEmQb5_qRnKhVyiPE3V9f&ust=1762705275598000&source=images&cd=vfe&opi=89978449&ved=0CBEQjRxqFwoTCICv_v_64pADFQAAAAAdAAAAABAE,Alphonse Puthren, Nivin Pauly-Sai Pallavi-,The film follows the protagonist's journey through different stages of love and relationships from adolescence to adulthood. 
Uyare,motivated,Malayalam,Drama,8.4,2019,Amazon Prime,https://www.google.com/url?sa=i&url=https%3A%2F%2Fencrypted-tbn2.gstatic.com%2Fimages%3Fq%3Dtbn%3AANd9GcQC6C9rZjIoY9b_8BHK6P0aQ3c-MIEwcleF1XQqgrbLcOstLAXb&psig=AOvVaw3vymZU5XmjJAB_lMOfnC94&ust=1762705294920000&source=images&cd=vfe&opi=89978449&ved=0CBEQjRxqFwoTCLitlYn74pADFQAAAAAdAAAAABAE,Manu Ashokan, Parvathy Thiruvothu-Dulquer Salmaan-,An aspiring pilot overcomes societal prejudices and personal challenges after surviving an acid attack to pursue her dreams. 
Virus,motivated,Malayalam,Thriller,8.2,2019,Amazon Primeh,ttps://www.google.com/url?sa=i&url=https%3A%2F%2Fencrypted-tbn1.gstatic.com%2Fimages%3Fq%3Dtbn%3AANd9GcSLysx3-aOHmYRWy7XdySO7NIWQ5PKYChB1VgJu0-WTFbfL8vTJ&psig=AOvVaw0rrIs6c58hkGiSQfDyRRId&ust=1762705313581000&source=images&cd=vfe&opi=89978449&ved=0CBEQjRxqFwoTCKik45H74pADFQAAAAAdAAAAABAE,Aashiq Abu, Kunchacko Boban-Parvathy Thiruvothu-,Based on true events the film depicts the outbreak of the Nipah virus in Kerala and the efforts of medical professionals to contain it.    
Charlie,happy,Malayalam,Drama,8.1,2015,Amazon Prime,https://www.google.com/url?sa=i&url=https%3A%2F%2Fencrypted-tbn3.gstatic.com%2Fimages%3Fq%3Dtbn%3AANd9GcTTUop4PAPPWv0wdtn69AfYaD2tq_inUm5Nu4MgKOIGHOLtqyGL&psig=AOvVaw1pzN37gQ5sRnBzUVnv_etO&ust=1762705334539000&source=images&cd=vfe&opi=89978449&ved=0CBEQjRxqFwoTCLih4Jv74pADFQAAAAAdAAAAABAE,Martin Prakkat, Dulquer Salmaan-Nimisha Sajayan-,A free-spirited artist embarks on a journey of self-discovery and love after encountering a mysterious woman.  
Take Off,motivated,Malayalam,Drama,8.0,2017,Amazon  Prime,https://www.google.com/url?sa=i&url=https%3A%2F%2Fencrypted-tbn1.gstatic.com%2Fimages%3Fq%3Dtbn%3AANd9GcTepODt3PIdLO01V63wazhCYvCgdvWcY00gDeg9T55j9oJjmMXJ&psig=AOvVaw3uULG9fyQtwf8snUR_MJ88&ust=1762705394740000&source=images&cd=vfe&opi=89978449&ved=0CBEQjRxqFwoTCOjZ7rj74pADFQAAAAAdAAAAABAE,Mahesh Narayanan, Parvathy Thiruvothu-Kunchacko Boban-,Based on the true story of Indian nurses trapped in Iraq during the ISIS invasion and their courageous escape.   
Jallikattu,motivated,Malayalam,Action,8.1,2019  ,Amazon Prime,https://www.google.com/url?sa=i&url=https%3A%2F%2Fencrypted-tbn1.gstatic.com%2Fimages%3Fq%3Dtbn%3AANd9GcTepODt3PIdLO01V63wazhCYvCgdvWcY00gDeg9T55j9oJjmMXJ&psig=AOvVaw3uULG9fyQtwf8snUR_MJ88&ust=1762705394740000&source=images&cd=vfe&opi=89978449&ved=0CBEQjRxqFwoTCOjZ7rj74pADFQAAAAAdAAAAABAE,Lijo Jose Pellissery, Antony Varghese-Fahadh Faasil-,In a remote village a buffalo goes berserk causing chaos and revealing the primal instincts of the villagers as they try to capture it.    
Ayyappanum Koshiyum,motivated,Malayalam,Action,8.3,2020,Amazon Prime,https://www.google.com/url?sa=i&url=https%3A%2F%2Fencrypted-tbn1.gstatic.com%2Fimages%3Fq%3Dtbn%3AANd9GcS-RCHpLp1EcRCO0hvhwMhQbUpX-4nMrUl46AUe6OS-YmylUkex&psig=AOvVaw2JFx1JLWSHSH_IKguz_ie7&ust=1762705470827000&source=images&cd=vfe&opi=89978449&ved=0CBEQjRxqFwoTCNDH3tz74pADFQAAAAAdAAAAABAE,Sachy, Prithviraj Sukumaran-Biju Menon-,The intense rivalry between a police officer and a wealthy landowner escalates into a battle of wits and strength.      
Maheshinte Prathikaaram,happy,Malayalam,Comedy,8.2,2016,Amazon Prime,https://www.google.com/url?sa=i&url=https%3A%2F%2Fencrypted-tbn0.gstatic.com%2Fimages%3Fq%3Dtbn%3AANd9GcRMh4U6KUbLiXVUeEyKMs_fTZylXmIU6QHnHqJ4721eqjDP-pqG&psig=AOvVaw03EG4tueST2tZXpYUNDuAn&ust=1762705488714000&source=images&cd=vfe&opi=89978449&ved=0CBEQjRxqFwoTCIjOn-X74pADFQAAAAAdAAAAABAE,Dileesh Pothan, Fahadh Faasil-Nimisha Sajayan-,After a humiliating incident a small-town photographer vows to never wear slippers until he avenges himself leading to unexpected consequences.  
Kammatti Paadam,motivated,Malayalam,Drama,8.1,2016,Amazon Prime,https://www.google.com/url?sa=i&url=https%3A%2F%2Fencrypted-tbn0.gstatic.com%2Fimages%3Fq%3Dtbn%3AANd9GcQgvlFM_dt5kFCX9S6EBcXDb_F5nsDfPgC5cU-P3oybz8rd4zoK&psig=AOvVaw0E5nsU5Z3uM9k5NXo7ue3b&ust=1762706202278000&source=images&cd=vfe&opi=89978449&ved=0CBEQjRxqFwoTCJDKw7n-4pADFQAAAAAdAAAAABAE,Rajeev Ravi, Dulquer Salmaan-Manikandan R. Achari-,The transformation of Kochi's slum area Kammatti Paadam from a peaceful village to a crime-ridden urban settlement through the eyes of a man.    
Bhaag Milkha Bhaag,motivated,Hindi,Biography,8.2,2013,Netflix,https://www.google.com/url?sa=i&url=https%3A%2F%2Fencrypted-tbn3.gstatic.com%2Fimages%3Fq%3Dtbn%3AANd9GcT5FCHAcw0KGueqT9r8OSDWTOkK8dR0DP2MSKqN0Txj-iLAm86i&psig=AOvVaw0B-c_gI1XnB1o6weAO9ujO&ust=1762706223509000&source=images&cd=vfe&opi=89978449&ved=0CBEQjRxqFwoTCJjP2sP-4pADFQAAAAAdAAAAABAE,Rakeysh Omprakash Mehra, Farhan Akhtar- Sonam Kapoor-,The inspiring true story of Indian athlete Milkha Singh who overcomes personal and national challenges to become a world-class sprinter.      
Dangal,motivated,Hindi,Sports,8.4,2016,Disney+ Hotstar,https://www.google.com/url?sa=i&url=https%3A%2F%2Fencrypted-tbn3.gstatic.com%2Fimages%3Fq%3Dtbn%3AANd9GcQMCj20Dhxm40PDsgiS1lMZaNj8lepMfMv9zn3LsbwLWu2ovzUk&psig=AOvVaw27ry1s62sw0DP9YIUUfbF7&ust=1762706251779000&source=images&cd=vfe&opi=89978449&ved=0CBEQjRxqFwoTCOCdj9H-4pADFQAAAAAdAAAAABAE,Nitesh Tiwari, Aamir Khan-Sakshi Tanwar-,The journey of a former wrestler who trains his daughters to become world-class wrestlers challenging societal norms.      
Chak De! India,motivated,Hindi,Sports,8.2,2007,Disney+ Hotstar,https://www.google.com/url?sa=i&url=https%3A%2F%2Fencrypted-tbn0.gstatic.com%2Fimages%3Fq%3Dtbn%3AANd9GcSvyapHAo8YQojZxHCKSQvXfxEJyncva4-UUChFmKKoJBxcMhJZ&psig=AOvVaw1SzMmgvkFk3jb8fxRbHXc9&ust=1762706281559000&source=images&cd=vfe&opi=89978449&ved=0CBEQjRxqFwoTCOjyqd_-4pADFQAAAAAdAAAAABAE,Shimit Amin, Shah Rukh Khan-Taapsee Pannu-,Kabir Khan the coach of the Indian Women's National Hockey Team dreams of making his all-girls team emerge victorious against all odds.         
Lagaan: Once Upon a Time in India,motivated,Hindi,Drama,8.1,2001,Netflix,https://www.google.com/url?sa=i&url=https%3A%2F%2Fencrypted-tbn2.gstatic.com%2Fimages%3Fq%3Dtbn%3
Airlift,motivated,Hindi,Drama,8.1,2016,Amazon Prime,https://www.google.com/url?sa=i&url=https%3A%2F%2Fencrypted-tbn1.gstatic.com%2Fimages%3Fq%3Dtbn%3AANd9GcQLxkucm2INYUxAfIU5RDtPzI2OV1CwaYK6kUrK6i0fbC12JPp1&psig=AOvVaw22YMSDpPSN-N0LrZY5zskQ&ust=1762706331261000&source=images&cd=vfe&opi=89978449&ved=0CBEQjRxqFwoTCKChhPf-4pADFQAAAAAdAAAAABAE,Raja Menon, Akshay Kumar-Nimrat Kaur-,Based on the true story of the largest civilian evacuation during the Kuwait-Iraq war where an Indian businessman leads the rescue of thousands of Indians.       
Mary Kom,motivated,Hindi,Biography,7.9,2014,Amazon Prime,https://www.google.com/url?sa=i&url=https%3A%2F%2Fencrypted-tbn2.gstatic.com%2Fimages%3Fq%3Dtbn%3AANd9GcQcGnMIl5H-cQCeAWpgAWgo3jcHNllDpudT6cGuA3xxk1fP7Sny&psig=AOvVaw2COEQxUA83Yv3GtflsfYDB&ust=1762706633125000&source=images&cd=vfe&opi=89978449&ved=0CBEQjRxqFwoTCJCrgYeA45ADFQAAAAAdAAAAABAE,Omung Kumar, Priyanka Chopra-Nirupam Haldar-,The biographical film chronicles the life of Indian boxer Mary Kom from her humble beginnings to becoming a world champion.    
Bajrangi Bhaijaan,motivated,Hindi,Drama,8.0,2015,Amazon Prime,https://www.google.com/url?sa=i&url=https%3A%2F%2Fencrypted-tbn1.gstatic.com%2Fimages%3Fq%3Dtbn%3AANd9GcQRGNMHX7ZlA7yp_XDkjD1iBMeFJnSkBM3PKju8auM_SpKFP4Dm&psig=AOvVaw1DqBHBE171Y2kz7tVipef1&ust=1762706379438000&source=images&cd=vfe&opi=89978449&ved=0CBEQjRxqFwoTCMCM-o3_4pADFQAAAAAdAAAAABAE,Kabir Khan, Salman Khan-Harshaali Malhotra-,An Indian man with a magnanimous heart takes a young mute Pakistani girl back to her homeland to reunite her with her family.
Guru,motivated,Hindi,Drama,7.6,2007,Netflix,https://www.google.com/url?sa=i&url=https%3A%2F%2Fencrypted-tbn1.gstatic.com%2Fimages%3Fq%3Dtbn%3AANd9GcQWdW8BGJXHrqS56-PFCSJgXArO4IDrkKcKmhXgvoii44T1ifg3&psig=AOvVaw28dUkpyaKGI9QnNI4chgWJ&ust=1762706397104000&source=images&cd=vfe&opi=89978449&ved=0CBEQjRxqFwoTCMjbpZf_4pADFQAAAAAdAAAAABAE,Mani Ratnam, Abhishek Bachchan-Aishwarya Rai Bachchan-,The rise of an ambitious entrepreneur who overcomes numerous obstacles to build a business empire in post-independence India.    
Swades,motivated,Hindi,Drama,8.2,2004,Netflix,https://www.google.com/url?sa=i&url=https%3A%2F%2Fencrypted-tbn1.gstatic.com%2Fimages%3Fq%3Dtbn%3AANd9GcQNDFD-fGFwZ4_kNjnGCfuJi4gtT2cd8pWhlyBhDI7_FEMRJscy&psig=AOvVaw08sw4pZuBs7KQ70nGuTBVb&ust=1762706418120000&source=images&cd=vfe&opi=89978449&ved=0CBEQjRxqFwoTCNiQvaD_4pADFQAAAAAdAAAAABAE,Ashutosh Gowariker, Shah Rukh Khan-Keira Knightley-,An NRI NASA scientist returns to India and rediscovers his roots while working on a project to bring electricity to rural villages.     
Brothers,motivated,Hindi,Sports,7.6,2015,Amazon Prime,https://www.google.com/url?sa=i&url=https%3A%2F%2Fencrypted-tbn0.gstatic.com%2Fimages%3Fq%3Dtbn%3AANd9GcRHn4mAYtdISKhv0WP_goIVH6kpEgjH2t2oa7ReJ0GG82nkwj38&psig=AOvVaw3eozGvwJkaIufcqoxBBQ6z&ust=1762706433441000&source=images&cd=vfe&opi=89978449&ved=0CBEQjRxqFwoTCLD76qf_4pADFQAAAAAdAAAAABAE,Karan Malhotra, Akshay Kumar-Sidharth Malhotra-,The story of two estranged brothers who reunite through their shared passion for mixed martial arts and compete in a high-stakes tournament.        
Paan Singh Tomar,motivated,Hindi,Biography,8.1,2012,Netflix,https://www.google.com/url?sa=i&url=https%3A%2F%2Fencrypted-tbn0.gstatic.com%2Fimages%3Fq%3Dtbn%3AANd9GcQjJN41PLYYeUH_Z4gY_JQmoNKYLsXicELM7pqltaOk9yfpHdRV&psig=AOvVaw0-Zfh9CpybUJPQV9WNYlow&ust=1762706454370000&source=images&cd=vfe&opi=89978449&ved=0CBEQjRxqFwoTCODH2LH_4pADFQAAAAAdAAAAABAE,Tigmanshu Dhulia, Irrfan Khan-Mahi Gill-,The true story of an Indian soldier who becomes a national champion in steeplechase before turning into a notorious dacoit.  
Udaan,motivated,Hindi,Drama,8.2,2010,Netflix,https://www.google.com/url?sa=i&url=https%3A%2F%2Fencrypted-tbn2.gstatic.com%2Fimages%3Fq%3Dtbn%3AANd9GcSEZ9lYj72No5v7Z_UdKkfsnc0vZU1Lc67kCbQTO6xYNIe22FTx&psig=AOvVaw2FUaEYDd_-6OcTxWQjmPPT&ust=1762706478873000&source=images&cd=vfe&opi=89978449&ved=0CBEQjRxqFwoTCLjmvL3_4pADFQAAAAAdAAAAABAE,Vikramaditya Motwane, Rajat Barmecha-Raghav Dutta-,A teenager returns home after being expelled from boarding school and struggles to connect with his authoritarian father while pursuing his passion for filmmaking.  
Rab Ne Bana Di Jodi,romantic,Hindi,Romance,7.6,2008,Disney+ Hotstar,https://www.google.com/url?sa=i&url=https%3A%2F%2Fencrypted-tbn0.gstatic.com%2Fimages%3Fq%3Dtbn%3AANd9GcS08EmmgzaeoD9da8OJXlnb7hkWYZKqqMjIdpaXZSWbSzOsOTa2&psig=AOvVaw0wLkwXfMOGyPw69mb7gmhq&ust=1762706496116000&source=images&cd=vfe&opi=89978449&ved=0CBEQjRxqFwoTCLC7z8X_4pADFQAAAAAdAAAAABAE,Aditya Chopra, Shah Rukh Khan-Anushka Sharma-,A shy man transforms himself to win the heart of his lively and independent wife through a series of adventures and experiences.  
Jab We Met,romantic,Hindi,Romance,7.9,2007,Netflix,https://www.google.com/url?sa=i&url=https%3A%2F%2Fencrypted-tbn0.gstatic.com%2Fimages%3Fq%3Dtbn%3AANd9GcRuFTkpdTT0nZKl-AW0y-1ufTa3MxngjtIFekgPUQxxSdBXKbWe&psig=AOvVaw0--VkFCz1nk1Ey7o9i3A2R&ust=1762706513342000&source=images&cd=vfe&opi=89978449&ved=0CBEQjRxqFwoTCPDL8M3_4pADFQAAAAAdAAAAABAE,Imtiaz Ali, Shahid Kapoor-Kareena Kapoor Khan-,The spontaneous and free-spirited Geet meets the reserved and heartbroken Aditya on a train journey leading to an unforgettable adventure of self-discovery and love.    
Veer-Zaara,romantic,Hindi,Romance,8.1,2004,Netflix,https://www.google.com/url?sa=i&url=https%3A%2F%2Fencrypted-tbn2.gstatic.com%2Fimages%3Fq%3Dtbn%3AANd9GcT9LkDZW3QsYe15qC0DVX-FUnaGbghH4oCHcXBY7KgmiVRUkc3x&psig=AOvVaw1vall834la8soG6N7L-Q_9&ust=1762706530462000&source=images&cd=vfe&opi=89978449&ved=0CBEQjRxqFwoTCJjkkdb_4pADFQAAAAAdAAAAABAE,Yash Chopra, Shah Rukh Khan-Preity Zinta-,An Indian Air Force pilot rescues a Pakistani girl stranded in India. Years later a lawyer seeks to unravel the truth behind the pilot's mysterious imprisonment in Pakistan for over two decades during which he remained silent.
Kal Ho Naa Ho,romantic,Hindi,Romance,8.0,2003,Netflix,https://www.google.com/url?sa=i&url=https%3A%2F%2Fencrypted-tbn2.gstatic.com%2Fimages%3Fq%3Dtbn%3AANd9GcSZQLT6Qij5Hb85nSE-e1iglQ5XJtqNnfknVt3IyYp5117eEE3l&psig=AOvVaw1CazSCygc7XxTkPbsivcyT&ust=1762706545909000&source=images&cd=vfe&opi=89978449&ved=0CBEQjRxqFwoTCMDVwt3_4pADFQAAAAAdAAAAABAE,Nikkhil Advani, Shah Rukh Khan-Juhi Chawla-,Naina a pessimistic MBA student finds her life transformed when she meets Aman a cheerful and enigmatic man who teaches her to embrace life and love.   
Barfi!,romantic,Hindi,Romance,8.1,2012,Netflix,https://www.google.com/url?sa=i&url=https%3A%2F%2Fencrypted-tbn3.gstatic.com%2Fimages%3Fq%3Dtbn%3AANd9GcRtgs5mDLnQXzqioMkwbCtjqNjhWmS-39ls2UfM-Mjxq77u9JAa&psig=AOvVaw3SESOOSI-bcv1FosRKwv9P&ust=1762706668252000&source=images&cd=vfe&opi=89978449&ved=0CBEQjRxqFwoTCIjL4JeA45ADFQAAAAAdAAAAABAE,Anurag Basu, Ranbir Kapoor-Priyanka Chopra-,The heartfelt story of a deaf-mute boy  and his relationships with two  womenone a free-spirited socialite and the other a simple schoolteacher.        
Dil Chahta Hai ,happy,Hindi,Comedy,8.1,2001,Netflix,https://www.google.com/url?sa=i&url=https%3A%2F%2Fencrypted-tbn1.gstatic.com%2Fimages%3Fq%3Dtbn%3AANd9GcRUI3Xxt0bQFB-WWxwbU5cEMTY0RqUjY5tPlDfLuYRZDevyNeHT&psig=AOvVaw2-u94KfKSbl9TG6ivMsvNB&ust=1762706686426000&source=images&cd=vfe&opi=89978449&ved=0CBEQjRxqFwoTCNicsKCA45ADFQAAAAAdAAAAABAE,Farhan Akhtar, Aamir Khan-Saif Ali Khan-,The film explores the lives and friendships of three inseparable childhood friends as they navigate love career and personal growth.   
The Lunchbox ,happy,Hindi,Romance,7.8,2013,Netflix,https://www.google.com/url?sa=i&url=https%3A%2F%2Fencrypted-tbn0.gstatic.com%2Fimages%3Fq%3Dtbn%3AANd9GcShs6rbroj5zMn8OE9gverthibtFUXdTcyqsXk54ZlVt0Q3xlxj&psig=AOvVaw1L0b2wsqAsvhDkKtk4BhXx&ust=1762706721459000&source=images&cd=vfe&opi=89978449&ved=0CBEQjRxqFwoTCOCBk7GA45ADFQAAAAAdAAAAABAE,Ritesh Batra, Irrfan Khan-Nimrat Kaur-,A mistaken delivery in Mumbai's famously efficient lunchbox delivery system connects a young housewife to an older man in the dusk of his life as they build a fantasy world together through notes in the lunchbox.
Hasee Toh Phasee,romantic,Hindi,Romance,7.1,2014,Netflix,https://www.google.com/url?sa=i&url=https%3A%2F%2Fencrypted-tbn0.gstatic.com%2Fimages%3Fq%3Dtbn%3AANd9GcQ-KGO4eEwxk24A8tHLTqy490m273cpkDP4vXMJF3OT_BII7Lxk&psig=AOvVaw2Ij7VhEUQzZicuWeEDUkIj&ust=1762706740338000&source=images&cd=vfe&opi=89978449&ved=0CBEQjRxqFwoTCNDHmrqA45ADFQAAAAAdAAAAABAE,Vinil Mathew, Sidharth Malhotra-Parineeti Chopra-,A commitment-phobic businessman falls in love with a quirky scientist leading to a series of humorous and heartfelt events.   
Cocktail ,romantic,Hindi,Romance,7.1,2012,Netflix,https://www.google.com/url?sa=i&url=https%3A%2F%2Fencrypted-tbn0.gstatic.com%2Fimages%3Fq%3Dtbn%3AANd9GcRcHebT1DBW3DC2H-FnTbLfcFeOcGLXp9jrgPzPG50JFlvVhNi1&psig=AOvVaw3LQlZ_E7VZrxgNohDgCK94&ust=1762706762695000&source=images&cd=vfe&opi=89978449&ved=0CBEQjRxqFwoTCOj3kMWA45ADFQAAAAAdAAAAABAE,Homi Adajania, Saif Ali Khan-Diana Penty-,A love triangle between a guy and two girls who are best friends but the complete opposite of one another.
Yeh Jawaani Hai Deewani,romantic,Hindi,Romance,7.1,2013,Netflix,https://www.google.com/url?sa=i&url=https%3A%2F%2Fencrypted-tbn2.gstatic.com%2Fimages%3Fq%3Dtbn%3AANd9GcQhI92ZPIrEyAsuKs0MPVUnuhyH8boKCLcM1xtXKOP8gTNkEz5i&psig=AOvVaw2hcjWGLGvObxziCEZmXIBS&ust=1762706782496000&source=images&cd=vfe&opi=89978449&ved=0CBEQjRxqFwoTCOjep86A45ADFQAAAAAdAAAAABAE,Ayan Mukerji, Ranbir Kapoor-Deepika Padukone-,The film follows the journey of four friends as they navigate love career and personal growth over several years. 
Tamasha,romantic,Hindi,Romance,7.0,2015,Netflix,https://www.google.com/url?sa=i&url=https%3A%2F%2Fencrypted-tbn2.gstatic.com%2Fimages%3Fq%3Dtbn%3AANd9GcTeL0kqh8yeWd3uwuDB0-FFTUGWNOLj1fybnSPd69ZJJMMwN6zJ&psig=AOvVaw0nGboDIm7W9Vf1CQYkmQrU&ust=1762706818395000&source=images&cd=vfe&opi=89978449&ved=0CBEQjRxqFwoTCNiT8N-A45ADFQAAAAAdAAAAABAE,Imtiaz Ali, Ranbir Kapoor-Deepika Padukone-,A boy meets a girl in Corsica They decide not to reveal their real name or personality.
Ae Dil Hai Mushkil,romantic,Hindi,Romance,5.8,2016,Amazon Prime,https://www.google.com/url?sa=i&url=https%3A%2F%2Fencrypted-tbn2.gstatic.com%2Fimages%3Fq%3Dtbn%3AANd9GcSBObBm4pUN2SlVCndPOoDdIhmsCU8c-GnvxSLWP20Fk7bkhP_H&psig=AOvVaw0BC4haAfgSvv3-xo_vfxke&ust=1762706835476000&source=images&cd=vfe&opi=89978449&ved=0CBEQjRxqFwoTCJCFu-eA45ADFQAAAAAdAAAAABAE,Karan Johar, Ranbir Kapoor-Anushka Sharma-,The story of unrequited love friendship and heartbreak as a young man navigates complex relationships.       
Kabhi Khushi Kabhie Gham,romantic,Hindi,Romance,7.4,2001,Netflix,https://www.google.com/url?sa=i&url=https%3A%2F%2Fencrypted-tbn3.gstatic.com%2Fimages%3Fq%3Dtbn%3AANd9GcTHK2C0l1hIsnFJvBmCNfhduvm6zYDigC8AD_80u9KCZvSnhtbw&psig=AOvVaw1TUw9ijsehlxyuR7JU13bP&ust=1762706866007000&source=images&cd=vfe&opi=89978449&ved=0CBEQjRxqFwoTCJCsgfaA45ADFQAAAAAdAAAAABAE,Karan Johar, Amitabh Bachchan-Shah Rukh Khan-,An affluent family is torn apart when the elder son falls in love with a woman from a lower socio-economic background leading to estrangement and eventual reconciliation.    
Jaane Tu Ya Jaane Na,romantic,Hindi,Romance,7.3,2008,Netflix,https://www.google.com/url?sa=i&url=https%3A%2F%2Fencrypted-tbn1.gstatic.com%2Fimages%3Fq%3Dtbn%3AANd9GcQ52VNLMtT2vVsrBxjyKK5uyRUtsw_edsq5PsBN0MjD22upsG9N&psig=AOvVaw3ENL7-9KQQa97VxnftqFlP&ust=1762706885316000&source=images&cd=vfe&opi=89978449&ved=0CBEQjRxqFwoTCNjmnv-A45ADFQAAAAAdAAAAABAE,Abbas Tyrewala, Imran Khan-Genelia D'Souza-,The story of two best friends who are unaware that they are actually in love with each other until a series of events unfold.   
Wake Up Sid,happy,Hindi,Comedy,7.6,2009,Netflix,https://www.google.com/url?sa=i&url=https%3A%2F%2Fencrypted-tbn0.gstatic.com%2Fimages%3Fq%3Dtbn%3AANd9GcRHFQLQWMuk5DhP0FA4ssvQk_hQZ-n2SrkRrR9BfvMvpNNYzRNq&psig=AOvVaw3hVx05Lk7TFPt4QxVaPhun&ust=1762706975566000&source=images&cd=vfe&opi=89978449&ved=0CBEQjRxqFwoTCJiZn6qB45ADFQAAAAAdAAAAABAE,Ayan Mukerji, Ranbir Kapoor-Katrina Kaif-,A carefree college student learns about responsibility and love when he befriends an aspiring writer. 
Dear Zindagi,happy,Hindi,Drama,7.6,2016,Netflix,https://www.google.com/url?sa=i&url=https%3A%2F%2Fencrypted-tbn2.gstatic.com%2Fimages%3Fq%3Dtbn%3AANd9GcRxQErx82J--X2DQpI5Hk75oHRv-rfKcKkSJcGagikLZ04k4bOU&psig=AOvVaw3dad6O_AJQZk6od6dHA-d-&ust=1762707060821000&source=images&cd=vfe&opi=89978449&ved=0CBEQjRxqFwoTCPjx-dKB45ADFQAAAAAdAAAAABAE,Gauri Shinde, Alia Bhatt-Shah Rukh Khan-,A young cinematographer struggling with personal and professional challenges finds guidance and inspiration from an unconventional therapist.  
Baar Baar Dekho,romantic,Hindi,Romance,5.1,2016,Amazon Prime,https://www.google.com/url?sa=i&url=https%3A%2F%2Fencrypted-tbn0.gstatic.com%2Fimages%3Fq%3Dtbn%3AANd9GcTt8SDVZQC_-MVKxCz9bNWLWDs26vmVPgkQ0hA_GWV9askj29HW&psig=AOvVaw3HTcsTRBa-cz-1Xg_N1J-u&ust=1762707080130000&source=images&cd=vfe&opi=89978449&ved=0CBEQjRxqFwoTCOiQjtyB45ADFQAAAAAdAAAAABAE,Nitya Mehra, Sidharth Malhotra-Katrina Kaif-,A scientist and a mathematician navigate their complex relationship as they confront their fears and insecurities about love and commitment.   
Befikre,romantic,Hindi,Romance,5.4,2016,Amazon Prime,https://www.google.com/url?sa=i&url=https%3A%2F%2Fencrypted-tbn1.gstatic.com%2Fimages%3Fq%3Dtbn%3AANd9GcS2iowPcY4RjYdM3f4BmUyQV5dxB-Kw4svlJ_19ZrAFmButJ-Uv&psig=AOvVaw2Midc6XU9JBWilbvA_rWxN&ust=1762707099040000&source=images&cd=vfe&opi=89978449&ved=0CBEQjRxqFwoTCNjrjuWB45ADFQAAAAAdAAAAABAE,Aditya Chopra, Shahid Kapoor-Vaani Kapoor-,A young couple embarks on a whirlwind romance in Paris only to face challenges that test their relationship and commitment to each other.    
Jab Harry Met Sejal,romantic,Hindi,Romance,6.0,2017,Netflix,https://www.google.com/url?sa=i&url=https%3A%2F%2Fencrypted-tbn3.gstatic.com%2Fimages%3Fq%3Dtbn%3AANd9GcS7dssF2N6KabPVIwmExyyd0Mq5coLHEpNA2rrqwFNCdmozbBup&psig=AOvVaw06i7m2jrKw0UisTU3LAXJw&ust=1762707124767000&source=images&cd=vfe&opi=89978449&ved=0CBEQjRxqFwoTCMibvvGB45ADFQAAAAAdAAAAABAE,Imtiaz Ali, Shah Rukh Khan-Anushka Sharma-,A tour guide and a young woman embark on a journey across Europe that leads to unexpected romance and self-discovery.    
Rock On 2,happy,Hindi,Drama,5.4,2016,Amazon Prime,https://www.google.com/url?sa=i&url=https%3A%2F%2Fencrypted-tbn3.gstatic.com%2Fimages%3Fq%3Dtbn%3AANd9GcS0CAdxpgH4uNjaiX_MO_hQ38pnlp89M1vs87Q7Ftvh8Wa2okDr&psig=AOvVaw0bslnFzhqnl_dH05Mco1d7&ust=1762707149015000&source=images&cd=vfe&opi=89978449&ved=0CBEQjRxqFwoTCICW-vyB45ADFQAAAAAdAAAAABAE,Shujaat Saudagar, Farhan Akhtar- Shraddha Kapoor-,The sequel to the rock band story as they reunite to inspire a new generation of musicians while confronting their own personal struggles.    
O Kadhal Kanmani,romantic,Tamil,Romance,7.8,2015,Netflix,https://www.google.com/url?sa=i&url=https%3A%2F%2Fencrypted-tbn1.gstatic.com%2Fimages%3Fq%3Dtbn%3AANd9GcQMJPeLFw1r3NSeiuDXAFqOxbzz3e-KpSb7c_agClrt_mpQs-xQ&psig=AOvVaw3uYjj50Zc97Y8jzF9CjjDw&ust=1762707166792000&source=images&cd=vfe&opi=89978449&ved=0CBEQjRxqFwoTCLiluIWC45ADFQAAAAAdAAAAABAE,Mani Ratnam, Dulquer Salmaan-Nithya Menen-,A young couple in modern-day Mumbai navigates their relationship while dealing with societal expectations and personal aspirations.  
Hindi Medium,romantic,Hindi,Romance,7.1,2017,Amazon Prime,https://www.google.com/url?sa=i&url=https%3A%2F%2Fencrypted-tbn2.gstatic.com%2Fimages%3Fq%3Dtbn%3AANd9GcS3o0Ngx5zgU7D-AOnjl4db8X1VHaAZI30AFBO-l_efjtCdfp4_&psig=AOvVaw3UKZ7oks9gQVvLsbBaiAJ3&ust=1762707190987000&source=images&cd=vfe&opi=89978449&ved=0CBEQjRxqFwoTCNiDgJGC45ADFQAAAAAdAAAAABAE,Saket Chaudhary, Shah Rukh Khan-Deepika Padukone-,A couple from different social backgrounds faces challenges and misunderstandings as they try to bridge the gap between their worlds. 
chennai express,romantic,Hindi,Romance,7.6,2013,Netflix,https://www.google.com/url?sa=i&url=https%3A%2F%2Fencrypted-tbn3.gstatic.com%2Fimages%3Fq%3Dtbn%3AANd9GcTLb5fJat9i16KaUTOhLMncNtSHeZMEEY_FQ4J5NE0pDBFCnBS-&psig=AOvVaw3Ug8g9vIH-G5BBCmm5zAnk&ust=1762707217196000&source=images&cd=vfe&opi=89978449&ved=0CBEQjRxqFwoTCMiVuZ2C45ADFQAAAAAdAAAAABAE,Rohit Shetty, Shah Rukh Khan-Deepika Padukone-,A man from Mumbai embarks on a journey to Rameshwaram to fulfill his late grandfather's last wish and finds love along the way.  
mubarakhan,romantic,Hindi,Romance,5.5,2018,Amazon Prime,https://www.google.com/url?sa=i&url=https%3A%2F%2Fencrypted-tbn1.gstatic.com%2Fimages%3Fq%3Dtbn%3AANd9GcQowk7qhoJVe4ieGY44_i13bA_QHqB86aCWzZiLHMsBSWP2brcH&psig=AOvVaw3Aonz5Fb0joDHpE9NfUlOC&ust=1762707257090000&source=images&cd=vfe&opi=89978449&ved=0CBEQjRxqFwoTCODS5rCC45ADFQAAAAAdAAAAABAE,Anees Bazmee, Akshay Kumar-Katrina Kaif,Singleton Kartar Singh is left with the responsibility of raising his 2 orphaned nephews. He asks his brother to raise Charan and his sister in London to raise Karan. When the twins cross continents they leave behind a trail of confusion.
love aaj kal,romantic,Hindi,Romance,7.6,2009,Netflix,https://www.google.com/url?sa=i&url=https%3A%2F%2Fencrypted-tbn1.gstatic.com%2Fimages%3Fq%3Dtbn%3AANd9GcSCbej2tNpXseYVxP0JddIUFdZKDZAf_JiwDWGLxXRWSQNbkHZ3&psig=AOvVaw3_A0gY8c95avDMbY5YJPXh&ust=1762707277744000&source=images&cd=vfe&opi=89978449&ved=0CBEQjRxqFwoTCIj2qrqC45ADFQAAAAAdAAAAABAE,Imtiaz Ali, Imran Khan-Kareena Kapoor Khan-,The film explores the complexities of modern relationships through the lives of two couples in different time periods.    
ok jannu,romantic,Tamil,Romance,7.2,2017,Netflix,https://www.google.com/url?sa=i&url=https%3A%2F%2Fencrypted-tbn2.gstatic.com%2Fimages%3Fq%3Dtbn%3AANd9GcRw7_A1-Tl6KI33VVHL3RRjDu4TH-WkkDNgra3oecuQy-fmOmAx&psig=AOvVaw2NjYJg93sgjF3G5Y6Oi_NJ&ust=1762707294197000&source=images&cd=vfe&opi=89978449&ved=0CBEQjRxqFwoTCLCDpsKC45ADFQAAAAAdAAAAABAE,Shaad Ali, Naga Chaitanya-Samantha Akkineni-,A young couple navigates the challenges of love and commitment while pursuing their dreams in a bustling city. 
Dil Dhadakne Do,happy,Hindi,Comedy,7.6,2015,Netflix,https://www.google.com/url?sa=i&url=https%3A%2F%2Fencrypted-tbn1.gstatic.com%2Fimages%3Fq%3Dtbn%3AANd9GcQ5kn6brRr9IYzGkAIIX83HZmKPGjOvvAegSmjLrgGvPxHI-C_A&psig=AOvVaw0Zg4NrIwHj7DFRDIieia6k&ust=1762707313391000&source=images&cd=vfe&opi=89978449&ved=0CBEQjRxqFwoTCIjdqcuC45ADFQAAAAAdAAAAABAE,Zoya Akhtar, Ranveer Singh-Anushka Sharma-,A dysfunctional Punjabi family embarks on a cruise trip to celebrate the parents' 30th wedding anniversary leading to revelations and reconciliations. 
Badrinath Ki Dulhania,romantic,Hindi,Romance,6.4,2017,Amazon Prime,https://www.google.com/url?sa=i&url=https%3A%2F%2Fencrypted-tbn2.gstatic.com%2Fimages%3Fq%3Dtbn%3AANd9GcSMPUibM7I0EDB42WOyohgLBemM2nkZN3wqv40s8xGJcyDaKKea&psig=AOvVaw0hynCIb0TLWe_v-Mj2JYKU&ust=1762707331031000&source=images&cd=vfe&opi=89978449&ved=0CBEQjRxqFwoTCIDP3NOC45ADFQAAAAAdAAAAABAE,Shashank Khaitan, Varun Dhawan-Alia Bhatt-,A spirited girl from a small town dreams of marrying a man   who respects her ambitions leading to a clash of values with her traditional family.    
Toilet: Ek Prem Katha,motivated,Hindi,Drama,7.1,2017,Amazon Prime,https://www.google.com/url?sa=i&url=https%3A%2F%2Fencrypted-tbn3.gstatic.com%2Fimages%3Fq%3Dtbn%3AANd9GcSjEjTeoKlof8oSYlzYqdJrr_mFBJKrksyYUYR3QVMTbjYUdgvD&psig=AOvVaw2lyo0N7fD0dThog62koRXu&ust=1762707351130000&source=images&cd=vfe&opi=89978449&ved=0CBEQjRxqFwoTCOD6pd2C45ADFQAAAAAdAAAAABAE,Shree Narayan Singh, Akshay Kumar-Anupam Kher-,A young couple's marriage is tested when the husband takes on the challenge of building a toilet in their village to improve sanitation and fight against open defecation.   
Padman,motivated,Hindi,Drama,7.0,2018,Amazon Prime,https://www.google.com/url?sa=i&url=https%3A%2F%2Fencrypted-tbn0.gstatic.com%2Fimages%3Fq%3Dtbn%3AANd9GcS6W_KPD2IPKCVHR1WIGpKD3Mx7Fonkn0H3Og64RKbrwftZtB5i&psig=AOvVaw2RB4fl7lNdvqbkwXyErQNi&ust=1762707368264000&source=images&cd=vfe&opi=89978449&ved=0CBEQjRxqFwoTCPi-yOWC45ADFQAAAAAdAAAAABAE,R Balki, Akshay Kumar-Radhika Apte-,Inspired by the true story of Arunachalam Muruganantham who revolutionized menstrual hygiene in rural India by inventing a low-cost sanitary pad-making machine.    
saalaar,motivated,Tamil,Action,8.0,2024,Amazon Prime,https://www.google.com/url?sa=i&url=https%3A%2F%2Fencrypted-tbn2.gstatic.com%2Fimages%3Fq%3Dtbn%3AANd9GcQtqR7E0nfNEQBDpZasJ04uz-7zpzLGYl0PDNX8oSOLitkl7tGB&psig=AOvVaw1q286_xUOf90AUtuEpwV_Q&ust=1762707387433000&source=images&cd=vfe&opi=89978449&ved=0CBEQjRxqFwoTCIib0-6C45ADFQAAAAAdAAAAABAE,Prashanth Neel, Salman Khan-Katrina Kaif-,A fearless gangster takes on a powerful crime syndicate to protect his loved ones and seek justice in a world ruled by violence and corruption.   
Don 2,motivated,Tamil,Action,7.2,2011,Netflix,https://www.google.com/url?sa=i&url=https%3A%2F%2Fencrypted-tbn1.gstatic.com%2Fimages%3Fq%3Dtbn%3AANd9GcSPnA3OX-GXHx7b2c2Awess_1wH01wYODAp325qyaZqSJe_uqwP&psig=AOvVaw0kVctaCqJaJL9P7qD2Y8Jf&ust=1762707404235000&source=images&cd=vfe&opi=89978449&ved=0CBEQjRxqFwoTCIC0-faC45ADFQAAAAAdAAAAABAE,Farhan Akhtar, Shah Rukh Khan- Priyanka Chopra-,The sequel to the action-packed thriller where the elusive criminal mastermind Don returns to take on new challenges and adversaries.    
Meiyzhagan,motivated,Tamil,Drama,8.1,2014,Netflix,https://www.google.com/url?sa=i&url=https%3A%2F%2Fencrypted-tbn0.gstatic.com%2Fimages%3Fq%3Dtbn%3AANd9GcS6Iy_KwR1JKtf0WTqVvVP86KtaKku9pTWfBLGsnDSF8R6SLYLb&psig=AOvVaw0GWgf-M3xoD4-8Qm9xZyJI&ust=1762707424965000&source=images&cd=vfe&opi=89978449&ved=0CBEQjRxqFwoTCIj_z4CD45ADFQAAAAAdAAAAABAE,C. Prem Kumar, Vijay Sethupathi-Remya Nambeesan-,The story of a young man who overcomes societal prejudices and personal challenges to pursue his passion for music and achieve his dreams. 
Kadhalum Kadandhu Pogum,happy,Tamil,Romance,7.5,2016,Netflix,https://www.google.com/url?sa=i&url=https%3A%2F%2Fencrypted-tbn1.gstatic.com%2Fimages%3Fq%3Dtbn%3AANd9GcTATj81Zm2HvHIp-KN9Y2fV1GQ-0AeZsDz0Ns8XCPTMjumGseyP&psig=AOvVaw0WvoQYdS7GtIr_vxE8GDo-&ust=1762707444439000&source=images&cd=vfe&opi=89978449&ved=0CBEQjRxqFwoTCLjH64mD45ADFQAAAAAdAAAAABAE,Nalan Kumarasamy, Vijay Sethupathi-Nivetha Pethuraj-,A quirky romance blossoms between a young woman struggling with debt and a carefree man as they navigate life's challenges together.        
Vinnaithaandi Varuvaayaa,romantic,Tamil,Romance,7.6,2010,Netflix,https://www.google.com/url?sa=i&url=https%3A%2F%2Fencrypted-tbn2.gstatic.com%2Fimages%3Fq%3Dtbn%3AANd9GcQf3ifdzRuxzcRCfoxeYqqPyitzffER19s0qUd0Rc7H1BYPun82&psig=AOvVaw3opWassKDgF65xK6BCDNtC&ust=1762707462701000&source=images&cd=vfe&opi=89978449&ved=0CBEQjRxqFwoTCPCCxZKD45ADFQAAAAAdAAAAABAE,Obeli N. Krishna, Silambarasan-Trisha Krishnan-,The passionate love story of a young couple from different cultural backgrounds who face societal challenges to be together.
Sillunu Oru Kaadhal,romantic,Tamil,Romance,7.2,2006,Netflix,https://www.google.com/url?sa=i&url=https%3A%2F%2Fencrypted-tbn1.gstatic.com%2Fimages%3Fq%3Dtbn%3AANd9GcTjA9TDjMJJZdN310lpuYsLDetBj1OJ4qY6wSUlgthZNIeRlAhy&psig=AOvVaw21iJoFl4Li5lx9sbuLXjtD&ust=1762707560292000&source=images&cd=vfe&opi=89978449&ved=0CBEQjRxqFwoTCLjdj8GD45ADFQAAAAAdAAAAABAE,Obeli N. Krishna, Suriya-Trisha Krishnan-,A married couple's relationship is tested when the husband reconnects with his ex-girlfriend leading to emotional turmoil and self-discovery. 
Dadaa,romantic,Tamil,Romance,7.3,2001,Netflix,https://www.google.com/url?sa=i&url=https%3A%2F%2Fencrypted-tbn3.gstatic.com%2Fimages%3Fq%3Dtbn%3AANd9GcSIRvvOwLBkIBWYguHJua_yg7D-G7ZJ3cBTAXQg5MkpvjtYDd-f&psig=AOvVaw1fvwuOzQvmmAALeJGQ8xZl&ust=1762707583778000&source=images&cd=vfe&opi=89978449&ved=0CBEQjRxqFwoTCKjYqcyD45ADFQAAAAAdAAAAABAE,Haranath Chakraborty, R. Madhavan-Shalini Pandey-,A young couple from different social backgrounds fall in love and face challenges to be together. 
Good night, happy,Tamil,Comedy,7.0,2023,Netflix,https://www.google.com/url?sa=i&url=https%3A%2F%2Fencrypted-tbn1.gstatic.com%2Fimages%3Fq%3Dtbn%3AANd9GcS_3mK1711dVLShP12SWjbz-FWa-IGyC1E46Wj4_wdQ4u4jed2k&psig=AOvVaw2XwdAgzmmiUejLULCJxLsK&ust=1762707598959000&source=images&cd=vfe&opi=89978449&ved=0CBEQjRxqFwoTCPCA09OD45ADFQAAAAAdAAAAABAE,Vinayak Chandrasekaran, Arulnithi-Aathmika-,A quirky comedy about a man who struggles with insomnia and embarks on a journey to find a solution while encountering humorous situations.   
Premalu,romantic,Tamil,Romance,7.4,2011,Netflix,https://www.google.com/url?sa=i&url=https%3A%2F%2Fencrypted-tbn3.gstatic.com%2Fimages%3Fq%3Dtbn%3AANd9GcSwKH44zL2vje20pSnhZs3LVAEINwEZVzP1BIW7b_Y08XvNjMQG&psig=AOvVaw3UGOt-mWLZubIhpk64WiCi&ust=1762707615967000&source=images&cd=vfe&opi=89978449&ved=0CBEQjRxqFwoTCMj10NuD45ADFQAAAAAdAAAAABAE,Girish A.D., Vimal-Vimala Raman-,A heartfelt love story between two individuals from different walks of life who overcome obstacles to be together.   
Love Today,romantic,Tamil,Romance,7.5,2022,Netflix,https://www.google.com/url?sa=i&url=https%3A%2F%2Fencrypted-tbn0.gstatic.com%2Fimages%3Fq%3Dtbn%3AANd9GcRWNIHTT60UV78FGmJD4f1_OVuO8o6aDOleInytDZMDCmsilB7x&psig=AOvVaw0hyIQlIVB_7ipywzvyREJy&ust=1762707636919000&source=images&cd=vfe&opi=89978449&ved=0CBEQjRxqFwoTCNjO2eWD45ADFQAAAAAdAAAAABAE,Pradeep Ranganathan, Vijay Sethupathi-Rashmika Mandanna-,A young couple navigates the ups and downs of their relationship while dealing with societal expectations and personal aspirations.
Dragon,motivated,Tamil,Action,7.8,2011,Netflix,https://www.google.com/url?sa=i&url=https%3A%2F%2Fencrypted-tbn0.gstatic.com%2Fimages%3Fq%3Dtbn%3AANd9GcTCJnBW3fiD3n0zO_8bMqDcyGUHHBXJi1fYSdi6v7iACQOb6Ewc&psig=AOvVaw14LTZAU-rydqVcE53jFJHA&ust=1762707652290000&source=images&cd=vfe&opi=89978449&ved=0CBEQjRxqFwoTCJC1_uyD45ADFQAAAAAdAAAAABAE,Ashwath Marimuthu,Pradeep RanganathanAnupama ParameswaranKayadu Lohar,After a devastating breakup troubled student Ragavan abandons his studies and enters the dangerous world of financial fraud pursuing wealth and power while becoming entangled in escalating deception.
3,motivated,Tamil,Action,7.9,2012,Netflix,https://www.google.com/url?sa=i&url=https%3A%2F%2Fencrypted-tbn1.gstatic.com%2Fimages%3Fq%3Dtbn%3AANd9GcRu1hONAaJWZJJHY1669aq2s1iXGUA3YiDjsMdEJ_lJuLx2LEtY&psig=AOvVaw1-TooFDpxgqE9EW6PLjg6E&ust=1762707671157000&source=images&cd=vfe&opi=89978449&ved=0CBEQjRxqFwoTCPj0-vWD45ADFQAAAAAdAAAAABAE,Aishwarya Rajinikanth,Dhanush Shruti Haasan Sivakarthikeyan,Dhanush a college student struggles with social anxiety and finds solace in photography leading to personal growth and unexpected romance.
Anniyan,motivated,Tamil,Action,7.9,2005,Netflix,https://www.google.com/url?sa=i&url=https%3A%2F%2Fencrypted-tbn1.gstatic.com%2Fimages%3Fq%3Dtbn%3AANd9GcTPdiV6WKTR3swJ0dS52KsdwFRSQy8dyZEa5vFYdyJYXCuUzo8I&psig=AOvVaw01T__PRt5T1jB9t35blsbK&ust=1762707688890000&source=images&cd=vfe&opi=89978449&ved=0CBEQjRxqFwoTCPj4tP6D45ADFQAAAAAdAAAAABAE,S. Shankar, Vikram-Sanam Shetty-,A disillusioned lawyer with multiple personality disorder takes on a vigilante persona to punish wrongdoers and bring justice to society.        
Oh My Kadavule,happy,Tamil,Comedy,8.1,2020,Amazon Prime,https://www.google.com/url?sa=i&url=https%3A%2F%2Fencrypted-tbn0.gstatic.com%2Fimages%3Fq%3Dtbn%3AANd9GcQebIk3jurRa85VwMwstfPzH2dX1rPM2PPD4QbUDjaHM28I8vaM&psig=AOvVaw3bTBGT73RBuhgkp16EjWGh&ust=1762707703522000&source=images&cd=vfe&opi=89978449&ved=0CBEQjRxqFwoTCMjVsIWE45ADFQAAAAAdAAAAABA,Ashwath Marimuthu, Ashok Selvan-Vani Bhoskapathi-,A man is given a second chance at life by a mystical figure and must navigate the complexities of love and relationships to find true happiness. 
Lady Bird,happy,English,Drama,7.4,2017,Netflix,https://www.google.com/url?sa=i&url=https%3A%2F%2Fencrypted-tbn1.gstatic.com%2Fimages%3Fq%3Dtbn%3AANd9GcRnsxcLdGL_jzbQlHIHzIMiG5_ckqjqez3-6WszOCsCS-kKwiXH&psig=AOvVaw3xA_9d5lgmVM33yVtybXDO&ust=1762707733843000&source=images&cd=vfe&opi=89978449&ved=0CBEQjRxqFwoTCLjq4pOE45ADFQAAAAAdAAAAABAE,Greta Gerwig, Saoirse Ronan-Lauren Ambrose-,A high school senior navigates the challenges of adolescence family dynamics  and self-discovery in her final year of high school. 
The Grand Budapest Hotel,happy,English,Comedy,8.1,2014,Amazon Prime,https://www.google.com/url?sa=i&url=https%3A%2F%2Fencrypted-tbn3.gstatic.com%2Fimages%3Fq%3Dtbn%3AANd9GcRBkat8sA7CawBozCrgF0yC7ehwqPOnF-vNFHP_9osJAwEM4Irn&psig=AOvVaw3KGfJJ6BDZdVdKqv18MwyP&ust=1762707752249000&source=images&cd=vfe&opi=89978449&ved=0CBEQjRxqFwoTCKj-0JyE45ADFQAAAAAdAAAAABAE,Wes Anderson, Ralph Fiennes-F. Murray Abraham-,A legendary concierge at a famous European hotel teams up with a   loyal lobby boy to prove his innocence after being framed for   murder.
Pretty Woman,romantic,English,Romance,7.0,1990,Amazon Prime,https://www.google.com/url?sa=i&url=https%3A%2F%2Fencrypted-tbn3.gstatic.com%2Fimages%3Fq%3Dtbn%3AANd9GcQbcDq7L0lkvCX3t7iu9tSHSsIWojuZAE9N4Dupj9nMUHWRnntq&psig=AOvVaw2evhR0RSGDoARDd9l6BviD&ust=1762707777640000&source=images&cd=vfe&opi=89978449&ved=0CBEQjRxqFwoTCPiG2aiE45ADFQAAAAAdAAAAABAE,Garry Marshall,Richard GereJulia RobertsRalph Bellamy,A corporate raider hires a hooker to act as a business escort in Beverly Hills California.
Paddington 2,happy,English,Comedy,7.8,2017,Netflix,https://www.google.com/url?sa=i&url=https%3A%2F%2Fencrypted-tbn0.gstatic.com%2Fimages%3Fq%3Dtbn%3AANd9GcShAEWYwPGN4O0iEyJCiaXhucqRa7ivO9-ieef32NWvlGDeYpOV&psig=AOvVaw1IaIus885rrgQT7x3c14DX&ust=1762707796421000&source=images&cd=vfe&opi=89978449&ved=0CBEQjRxqFwoTCLC437GE45ADFQAAAAAdAAAAABAE,Paul King,Michael GambonImelda StauntonBen Whishaw,Paddington now happily settled with the Brown family and a popular member of the local community picks up a series of odd jobs to buy the perfect present for his Aunt Lucy's 100th birthday only for the gift to be stolen.
Late Night ,happy,English,Comedy,6.0,2019,Amazon Prime,https://www.google.com/url?sa=i&url=https%3A%2F%2Fencrypted-tbn0.gstatic.com%2Fimages%3Fq%3Dtbn%3AANd9GcQgbhmlqbEQ8wCpOmd5v1UkWKtGgswoEyZRhb2YzjkRU20VbJa0&psig=AOvVaw13JJvAG-7bxnGpJ6iOpvT8&ust=1762707813706000&source=images&cd=vfe&opi=89978449&ved=0CBEQjRxqFwoTCPic8rmE45ADFQAAAAAdAAAAABAE,Nisha Ganatra, Emma Thompson-Mindy Kaling-,A late-night talk show host struggles to stay relevant in a changing media landscape and hires a female writer to bring fresh perspectives to her show.  
The Fault in Our Stars,romantic,English,Romance,7.7,2014,Disney+ Hotstar,https://www.google.com/url?sa=i&url=https%3A%2F%2Fencrypted-tbn1.gstatic.com%2Fimages%3Fq%3Dtbn%3AANd9GcQqBd2szq3KOr111oyUohxJWKfeKY0YpnFQHRX2OFkKn9bpNcV_&psig=AOvVaw081wzJVzfu5qaSYyHuSP5z&ust=1762708367931000&source=images&cd=vfe&opi=89978449&ved=0CBEQjRxqFwoTCNiHmMKG45ADFQAAAAAdAAAAABAE,Josh Boone, Shailene Woodley-Ansel Elgort-,Two teenagers with cancer meet at a support group and embark on a life-changing journey of love and self-discovery.  
The Proposal,romantic,English,Romance,6.7,2009,Disney+ Hotstar,https://www.google.com/url?sa=i&url=https%3A%2F%2Fencrypted-tbn0.gstatic.com%2Fimages%3Fq%3Dtbn%3AANd9GcQ2HYKfi0RkVIix5flfIHiB4g3I4VlVWOvwWjbszBzQak-Kpse5&psig=AOvVaw221VrEPoMtg1X3PiWWvg1Q&ust=1762708399398000&source=images&cd=vfe&opi=89978449&ved=0CBEQjRxqFwoTCMignNGG45ADFQAAAAAdAAAAABAE,Anne Fletcher, Sandra Bullock-Ryan Reynolds-,A high-powered book editor forces her assistant to marry her in order to avoid deportation to Canada leading to unexpected romance.   
Crazy Rich Asians,romantic,English,Romance,6.9,2018,Netflix,https://www.google.com/url?sa=i&url=https%3A%2F%2Fencrypted-tbn2.gstatic.com%2Fimages%3Fq%3Dtbn%3AANd9GcSZSTpuDh-OIcLBbXdBTp9WOjsywJLTZfdUQZsBWu1bajoR2sdJ&psig=AOvVaw2qTD5RjqNU2-5Cx58KydK8&ust=1762708423496000&source=images&cd=vfe&opi=89978449&ved=0CBEQjRxqFwoTCMjE7NyG45ADFQAAAAAdAAAAABAE,Jon M. Chu, Constance Wu-Henry Golding-,This contemporary romantic comedy based on a global bestseller follows native New Yorker Rachel Chu to Singapore to meet her boyfriend's family.
The Big Sick,romantic,English,Romance,7.5,2017,Amazon Prime,https://www.google.com/url?sa=i&url=https%3A%2F%2Fencrypted-tbn1.gstatic.com%2Fimages%3Fq%3Dtbn%3AANd9GcRyipL99_V0j69q5DRaLUPa3kS1KPApdfWn5bpgzvsZL03RvMq7&psig=AOvVaw1bsxdZ6uvKCkSQOjpmmsYp&ust=1762708439050000&source=images&cd=vfe&opi=89978449&ved=0CBEQjRxqFwoTCJCCj-SG45ADFQAAAAAdAAAAABAE,Michael Showalter, Kumail Nanjiani-Zoe Kazan-,A couple deals with cultural differences and family expectations as they navigate a medical crisis and their relationship.  
Call Me by Your Name,romantic,English,Romance,7.9,2017,Netflix,https://www.google.com/url?sa=i&url=https%3A%2F%2Fencrypted-tbn2.gstatic.com%2Fimages%3Fq%3Dtbn%3AANd9GcRkaj20v78g_GT2wQJl0QeT3jRctqDbcKgGsF4UnAhjfDrtSmFP&psig=AOvVaw38PnbEOC7A6-IRDdeJz6Uo&ust=1762708457023000&source=images&cd=vfe&opi=89978449&ved=0CBEQjRxqFwoTCKjX1eyG45ADFQAAAAAdAAAAABAE,Luca Guadagnino, Timothée Chalamet-Armie Hammer-,In 1980s Italy a young boys summer romance with an older man leads to self-discovery and personal growth.  
500 Days of Summer,romantic,English,Romance,7.7,2009,Amazon Prime,https://www.google.com/url?sa=i&url=https%3A%2F%2Fencrypted-tbn1.gstatic.com%2Fimages%3Fq%3Dtbn%3AANd9GcSNDXIQFuqFp3_t1FTAJFRK0vQUD17VBx-yd3GkYsZKq80zAMI0&psig=AOvVaw2czlAeXUcfAIOIzrhF68R3&ust=1762708471544000&source=images&cd=vfe&opi=89978449&ved=0CBEQjRxqFwoTCJC4zfOG45ADFQAAAAAdAAAAABAE,Marc Webb, Joseph Gordon-Levitt-Zooey Deschanel-,An offbeat romantic comedy that explores the highs and lows of a relationship through non-linear storytelling. 
Silver Linings Playbook,romantic,English,Romance,7.7,2012,Netflix,https://www.google.com/url?sa=i&url=https%3A%2F%2Fencrypted-tbn2.gstatic.com%2Fimages%3Fq%3Dtbn%3AANd9GcQAokbUUQ2-Gwe6aw9AQr7zkSPZMEM-uytFyfUYaCYkuGa-54KM&psig=AOvVaw2HVOJ3j9rDbWOR8g1vKQV8&ust=1762708488856000&source=images&cd=vfe&opi=89978449&ved=0CBEQjRxqFwoTCLjZ6_uG45ADFQAAAAAdAAAAABAE,David O. Russell, Bradley Cooper-Jennifer Lawrence-,After a stint in a mental institution   Pat Solitano moves back in with his parents and tries to reconcile with his ex-wife but things get complicated when he meets Tiffany a mysterious  girl with problems of her own.      
Before Sunrise,romantic,English,Romance,8.1,1995,Amazon Prime,https://www.google.com/url?sa=i&url=https%3A%2F%2Fencrypted-tbn2.gstatic.com%2Fimages%3Fq%3Dtbn%3AANd9GcQHTJhLJK1fEAHX1k817UOfYHXSN7rUbXkqVM-kG4VvdClqV7rB&psig=AOvVaw2UkJVfwPyXOtsOluZ_ZNqj&ust=1762708503396000&source=images&cd=vfe&opi=89978449&ved=0CBEQjRxqFwoTCNCh5oKH45ADFQAAAAAdAAAAABAE,Richard Linklater, Ethan Hawke-Julie Delpy-,A young man and woman meet on a train in Europe and spend one night together in Vienna exploring the city and each other before parting ways.   
Pride & Prejudice,romantic,English,Romance,7.8,2005,Netflix,https://www.google.com/url?sa=i&url=https%3A%2F%2Fencrypted-tbn0.gstatic.com%2Fimages%3Fq%3Dtbn%3AANd9GcRsBoZMRz6x4boGvA2vAv-UH3WbtrBrbyjSTFoWiwNXmVxj_c37&psig=AOvVaw0B-1dBcZJVObBo5iklBI9R&ust=1762708528237000&source=images&cd=vfe&opi=89978449&ved=0CBEQjRxqFwoTCLjM4I6H45ADFQAAAAAdAAAAABAE,Joe Wright, Keira Knightley-Matthew Macfadyen-,Sparks fly when spirited Elizabeth Bennet meets single   rich gentleman Mr. Darcy. But Mr. Darcy reluctantly finds himself falling in love with a woman whom he once considered beneath him.    
The Vow,romantic,English,Romance,6.8,2012,Amazon Prime,https://www.google.com/url?sa=i&url=https%3A%2F%2Fencrypted-tbn3.gstatic.com%2Fimages%3Fq%3Dtbn%3AANd9GcRi2FR0SFL4LfK8Vg9WHLt1oFGZvWSW1zh7ltDGr1RUNo01vQXu&psig=AOvVaw0XaYruM9iTZcVA0kkXRxKm&ust=1762708543080000&source=images&cd=vfe&opi=89978449&ved=0CBEQjRxqFwoTCMDM2JWH45ADFQAAAAAdAAAAABAE,Michael Sucsy, Rachel McAdams-Channing Tatum-,A car accident puts Paige in a coma and when she wakes up she has no memory of her relationship with her husband Leo who must work to win her heart again.    
The Intouchables,happy,French,Drama,8.5,2011,Netflix,https://www.google.com/url?sa=i&url=https%3A%2F%2Fencrypted-tbn3.gstatic.com%2Fimages%3Fq%3Dtbn%3AANd9GcQ3lHSRTK5v-ViP-9DMwXChC9kO0IJo2g6Ftwe7s57ZFxxmWuIR&psig=AOvVaw2kU2w3L2z2HHl1RJsz5SVv&ust=1762708570826000&source=images&cd=vfe&opi=89978449&ved=0CBEQjRxqFwoTCLCj-KKH45ADFQAAAAAdAAAAABAE,Olivier NakacheÉric Toledano, François Cluzet-Omar Sy-,After he becomes a quadriplegic from a paragliding accident wealthy aristocrat Philippe hires a young man from the projects Driss to be his caregiver forming an unlikely friendship that changes both their lives. 
Amélie,romantic,French,Romance,8.3,2001,Netflix,https://www.google.com/url?sa=i&url=https%3A%2F%2Fencrypted-tbn0.gstatic.com%2Fimages%3Fq%3Dtbn%3AANd9GcRfC-ghFVfyOZhMJ2z20UZdRHZJmzuOd3iON0PqlFSQsm_p6quF&psig=AOvVaw1cnaaTnqdB0LlYRiQJcNwo&ust=1762708586948000&source=images&cd=vfe&opi=89978449&ved=0CBEQjRxqFwoTCPjBzqqH45ADFQAAAAAdAAAAABAE,Jean-Pierre Jeunet, Audrey Tautou-Mathieu Kassovitz-,Amélie a shy waitress in Paris decides to change the lives of those around her for the better while grappling with her own isolation.    
Marcel the Shell with Shoes On ,happy,English,Animation,7.5,2021,Netflix,https://www.google.com/url?sa=i&url=https%3A%2F%2Fencrypted-tbn0.gstatic.com%2Fimages%3Fq%3Dtbn%3AANd9GcRFIVvBwOMaUPez3F6ptUHClSaKqgtTN0rZAACBuFc4lesxuNW4&psig=AOvVaw3S5T41vSnErypbc16ytV_k&ust=1762708602979000&source=images&cd=vfe&opi=89978449&ved=0CBEQjRxqFwoTCMDmorKH45ADFQAAAAAdAAAAABAE,Dean Fleischer Camp, Jenny Slate-Alex Wolff-,A stop-motion animated documentary-style film that follows the adventures of Marcel a tiny shell with a big personality as he navigates life with his family.  
The Secret Life of Walter Mitty,happy,English,Adventure,7.3,2013,Disney+ Hotstar,https://www.google.com/url?sa=i&url=https%3A%2F%2Fencrypted-tbn1.gstatic.com%2Fimages%3Fq%3Dtbn%3AANd9GcQOUyXlSiN6ER7Ru5qksGEOq09ij1zxHIN1UmIill7BRR2gp3OV&psig=AOvVaw3hRADzDU0QpIRh1tz_3pxk&ust=1762708633509000&source=images&cd=vfe&opi=89978449&ved=0CBEQjRxqFwoTCMjD5MCH45ADFQAAAAAdAAAAABAE,Ben Stiller, Ben Stiller-Kristen Wiig-,A daydreamer escapes his anonymous life by disappearing into a world of fantasies filled with heroism romance and action until a real-life adventure surpasses even his wildest dreams.  
Kunfu Panda,happy,English,Animation,7.6,2008,Netflix,https://www.google.com/url?sa=i&url=https%3A%2F%2Fencrypted-tbn1.gstatic.com%2Fimages%3Fq%3Dtbn%3AANd9GcR4uH4MBoZCZdNffc5uJmaQiLZ1-1KormCWk944inC2syJd1yOh&psig=AOvVaw2pJObcR4PVgZo7jL62zAaU&ust=1762708648525000&source=images&cd=vfe&opi=89978449&ved=0CBEQjRxqFwoTCPD5-8iH45ADFQAAAAAdAAAAABAE,Mark OsborneJohn Stevenson, Jack BlackAngelina Jolie,Dustin Hoffman A clumsy panda named Po who aspires to be a kung fu master is unexpectedly chosen to fulfill an ancient prophecy and must train to defend his valley from a villainous snow leopard. 
Coco,happy,English,Animation,8.4,2017,Disney+ Hotstar,https://www.google.com/url?sa=i&url=https%3A%2F%2Fencrypted-tbn2.gstatic.com%2Fimages%3Fq%3Dtbn%3AANd9GcSU870I0G7p7Wan5GucdfL64urOfZrE0HgjXT7z24ss0N8n3TUP&psig=AOvVaw2WdV9cm-Vm4M5mh_tuzE24&ust=1762708669225000&source=images&cd=vfe&opi=89978449&ved=0CBEQjRxqFwoTCKC08tGH45ADFQAAAAAdAAAAABAE,Adrian MolinaLee Unkrich, Anthony Gonzalez-Gael García Bernal-,Aspiring musician Miguel enters the Land of the Dead to uncover his family's history and pursue his passion for music despite his family's ban on it.    
Up,happy,English,Animation,8.2,2009,Disney+ Hotstar,https://www.google.com/url?sa=i&url=https%3A%2F%2Fencrypted-tbn2.gstatic.com%2Fimages%3Fq%3Dtbn%3AANd9GcSA13lidqFTPKSA-P_svrDdKqUkzqYCC1Xsgf0pjMoY3OkPlsQ-&psig=AOvVaw3RKcGShPYKvK6nGWZfg7ZL&ust=1762708695932000&source=images&cd=vfe&opi=89978449&ved=0CBEQjRxqFwoTCLi1yN6H45ADFQAAAAAdAAAAABAE,Pete DocterBob ,Peterson-Ed Asner-,78-year-old Carl Fredricksen fulfills his lifelong dream of adventure by tying thousands of balloons to his house and flying to South America inadvertently taking a young stowaway named Russell along for the ride.   
Inside Out,happy,English,Animation,8.1,2015,Disney+ Hotstar,https://www.google.com/url?sa=i&url=https%3A%2F%2Fencrypted-tbn3.gstatic.com%2Fimages%3Fq%3Dtbn%3AANd9GcR7IE8YJaJlh3CW-KYU745oE2WzjyvRgKwNyAwe73di_U0uuD5Q&psig=AOvVaw3Iyz5UTG5c7XpqkvmsR4yx&ust=1762708717692000&source=images&cd=vfe&opi=89978449&ved=0CBEQjRxqFwoTCNjk-OiH45ADFQAAAAAdAAAAABAE,Ronnie Del Docter ,Amy PoehlerPhyllis SmithRichard Kind,Riley and her emotions Joy Sadness Anger Fear and Disgust must navigate the challenges of growing up when Riley's family moves to a new city.  
Zootopia,happy,English,Animation,8.0,2016,Disney+ Hotstar,https://www.google.com/url?sa=i&url=https%3A%2F%2Fencrypted-tbn2.gstatic.com%2Fimages%3Fq%3Dtbn%3AANd9GcQVT4BBbKZ5RYJ71XQD0yKS3oPqu11TxA93nXvVcg0oKMeSqdLh&psig=AOvVaw3DUeWLF_BMMzh2JWnXQk5J&ust=1762708732848000&source=images&cd=vfe&opi=89978449&ved=0CBEQjRxqFwoTCJDXmfCH45ADFQAAAAAdAAAAABAE,Jared BushByron HowardRich Moore, Ginnifer GoodwinJason BatemanIdris Elba,A rookie bunny cop and a cynical con artist fox must work together to uncover a conspiracy in the city of Zootopia where various anthropomorphic animals live and thrive. 
Finding Nemo,happy,English,Animation,8.1,2003,Disney+ Hotstar,https://www.google.com/url?sa=i&url=https%3A%2F%2Fencrypted-tbn0.gstatic.com%2Fimages%3Fq%3Dtbn%3AANd9GcSPMuT84H7cjZKS_L6KLxTDZA_12G-zUMA7w0xLO9hHj275KFAa&psig=AOvVaw1G4eMSe3-9Iaz6mdUkRZEC&ust=1762708747981000&source=images&cd=vfe&opi=89978449&ved=0CBEQjRxqFwoTCIDwtfeH45ADFQAAAAAdAAAAABAE,Andrew StantonLee Unkrich-Albert, BrooksEllen DeGeneres,After his son is captured in the Great Barrier Reef and taken to Sydney a timid clownfish sets out on a journey to bring him home facing numerous dangers along the way. 
Toy Story,happy,English,Animation,8.3,1995,Disney+ Hotstar,https://www.google.com/url?sa=i&url=https%3A%2F%2Fencrypted-tbn1.gstatic.com%2Fimages%3Fq%3Dtbn%3AANd9GcQ3I1sd7LSAioEZqY-ildb4OvNHvbc7QkxS5sOvQB_PUQfhZJz2&psig=AOvVaw3lSMlg6P46q6GpjvMsOPLe&ust=1762708768257000&source=images&cd=vfe&opi=89978449&ved=0CBEQjRxqFwoTCLi6hIKI45ADFQAAAAAdAAAAABAE,John Lasseter, Tom Hanks-Tim Allen-,A cowboy doll is profoundly threatened and jealous when a new spaceman figure supplants him as top toy in a boy's room. 
Monsters Inc.,happy,English,Animation,8.1,2001,Disney+ Hotstar,https://www.google.com/url?sa=i&url=https%3A%2F%2Fencrypted-tbn2.gstatic.com%2Fimages%3Fq%3Dtbn%3AANd9GcTHrGMpAF5bq4OGrmzaq51Gj9SZPumJYl-ST46kekDNzAah7B8D&psig=AOvVaw3tVZwqUbE7fru7TuCBUVps&ust=1762708798646000&source=images&cd=vfe&opi=89978449&ved=0CBEQjRxqFwoTCKilx4-I45ADFQAAAAAdAAAAABAE,Pete DocterDavid SilvermanLee Unkrich, Billy CrystalJohn Goodman-,In a world where monsters generate their city's power by scaring children  two monsters find their lives disrupted when a little girl enters their world.    
The Incredibles,happy,English,Animation,8.0,2004,Disney+ Hotstar,https://www.google.com/url?sa=i&url=https%3A%2F%2Fencrypted-tbn0.gstatic.com%2Fimages%3Fq%3Dtbn%3AANd9GcRJIT3L73sD4w1WT_CFhVqeMDNho2zb8-sEyD6sOF1Inkrpifsp&psig=AOvVaw0w07XZK0qmAayFPqg9Trds&ust=1762708814463000&source=images&cd=vfe&opi=89978449&ved=0CBEQjRxqFwoTCIDLi5eI45ADFQAAAAAdAAAAABAE,Brad Bird, Craig T. NelsonHolly Hunter-,A family of undercover superheroes try to live a quiet suburban life but are forced into action to save the world.  
WALL·E,happy,English,Animation,8.4,2008,Disney+ Hotstar,https://www.google.com/url?sa=i&url=https%3A%2F%2Fencrypted-tbn2.gstatic.com%2Fimages%3Fq%3Dtbn%3AANd9GcQeZl5f7yIvMVDPbWnJdds7oedgLAxvmVDCaYrmDlcMaNx9DvVb&psig=AOvVaw0corogU-YTkODYIgtlKsbY&ust=1762708829997000&source=images&cd=vfe&opi=89978449&ved=0CBEQjRxqFwoTCKinw56I45ADFQAAAAAdAAAAABAE,Andrew Stanton, Ben BurttElissa Knight-,In the distant future a small waste-collecting robot inadvertently embarks on a space journey that will ultimately decide the fate of mankind.  
Ratatouille,happy,English,Animation,8.0,2007,Disney+ Hotstar,https://www.google.com/url?sa=i&url=https%3A%2F%2Fencrypted-tbn3.gstatic.com%2Fimages%3Fq%3Dtbn%3AANd9GcR_80dFwOvVodnqmEdXGEKLEfvZMs6ChCssJ8VOhmDvtz7fBBEY&psig=AOvVaw0B4R-xsuK37kx087nQ_OY6&ust=1762708950891000&source=images&cd=vfe&opi=89978449&ved=0CBEQjRxqFwoTCOjZltiI45ADFQAAAAAdAAAAABAE,Brad BirdJan, Pinkava-Patton OswaltIan Holm Remy, a rat who dreams of becoming a great chef forms an unlikely alliance with a young kitchen worker at a famous Paris restaurant.   
Brave,happy,English,Animation,7.1,2012,Disney+ Hotstar,https://www.google.com/url?sa=i&url=https%3A%2F%2Fencrypted-tbn0.gstatic.com%2Fimages%3Fq%3Dtbn%3AANd9GcQa1926tlAgWmyZ0sgbXWDlpYF78qkDCnvnZNAP3SSdzAImZnd6&psig=AOvVaw1ZtcFnHJ6v0fESRfgCBLpk&ust=1762708993857000&source=images&cd=vfe&opi=89978449&ved=0CBEQjRxqFwoTCKD90-yI45ADFQAAAAAdAAAAABAE,Mark AndrewsBrenda ChapmanSteve Purcell, Kelly Macdonald-,Determined to make her own path in life Princess Merida defies an age-old custom causing chaos in the kingdom and unleashing a curse that only she can break.    
Cinderella,happy,English,Animation,7.3,1950,Disney+ Hotstar,https://www.google.com/url?sa=i&url=https%3A%2F%2Fencrypted-tbn1.gstatic.com%2Fimages%3Fq%3Dtbn%3AANd9GcSX-Phw5O0_2nLYA9d6SHDEOLDhrhw1dS-6BtzxryiZ3uby5uS2&psig=AOvVaw2bLEOOMvdgidCmMFSgaaKy&ust=1762709485014000&source=images&cd=vfe&opi=89978449&ved=0CBEQjRxqFwoTCMiR69aK45ADFQAAAAAdAAAAABAE,Kenneth Branagh, Ilene Woods-Harry Stockwell-,A young woman living in unfortunate circumstances sees her fortunes change when she meets a dashing prince with the help of her fairy godmother.  
Good Dinosaur,happy,English,Animation,6.7,2015,Disney+ Hotstar,https://www.google.com/url?sa=i&url=https%3A%2F%2Fencrypted-tbn1.gstatic.com%2Fimages%3Fq%3Dtbn%3AANd9GcRAiCVywJJrYTk86spC5CaVkuy5RXc9rRRcvy3QWwUwkNeyCQkf&psig=AOvVaw2819_aqlDnByDz_m8zk0XA&ust=1762709502026000&source=images&cd=vfe&opi=89978449&ved=0CBEQjRxqFwoTCNjt-N6K45ADFQAAAAAdAAAAABAE,Peter Sohn, Raymond OchoaJack BrightSam Elliott-,In a world where dinosaurs never became extinct an Apatosaurus named Arlo makes an unlikely human friend while on a journey to find his way home.  
Tangled,happy,English,Animation,7.7,2010,Disney+ Hotstar,https://www.google.com/url?sa=i&url=https%3A%2F%2Fencrypted-tbn2.gstatic.com%2Fimages%3Fq%3Dtbn%3AANd9GcSAsBlKFVBwDerz9TeJ555kpJCv6oIeT9nNSjwqS-CtfAlnLBI_&psig=AOvVaw0t8TZPPzgNyvA_l4p6s97u&ust=1762709518923000&source=images&cd=vfe&opi=89978449&ved=0CBEQjRxqFwoTCJjDg-eK45ADFQAAAAAdAAAAABAE,Nathan GrenoByron Howard,Mandy MooreZachary Levi-,When a runaway princess with magical long blonde hair meets a charming bandit they embark on an adventure that changes both their lives.   
Frozen,happy,English,Animation,7.4,2013,Disney+ Hotstar,https://www.google.com/url?sa=i&url=https%3A%2F%2Fencrypted-tbn1.gstatic.com%2Fimages%3Fq%3Dtbn%3AANd9GcRtOzQ7EBgKQEtfGoCrVqTgNqCgvrvvqZiDGMwIzr9Zpl1YmGEt&psig=AOvVaw3GWB5pemeWCjanhUE-JbC4&ust=1762709535742000&source=images&cd=vfe&opi=89978449&ved=0CBEQjRxqFwoTCICJge-K45ADFQAAAAAdAAAAABAE,Chris BuckJennifer Lee, Kristen BellIdina Menzel-,When the newly crowned Queen Elsa accidentally uses her power to turn things into ice she inadvertently plunges their kingdom into eternal winter forcing her sister Anna to team up with a mountain man
Moana,happy,English,Animation,7.6,2016,Disney+ Hotstar,https://www.google.com/url?sa=i&url=https%3A%2F%2Fencrypted-tbn1.gstatic.com%2Fimages%3Fq%3Dtbn%3AANd9GcTq7M1d9ljrLzBxmn-vxceGdGGgoD8vg6ITrscZYUrHPANgz7-E&psig=AOvVaw1LhEiR0lGDt1RsGgwwWYD_&ust=1762709550726000&source=images&cd=vfe&opi=89978449&ved=0CBEQjRxqFwoTCLjvpfaK45ADFQAAAAAdAAAAABAE,Ron ClementsDon HallJohn Musker, Auli'i CravalhoDwayne Johnson-,In Ancient Polynesia when a terrible curse incurred by the Demigod Maui reaches Moanas island she answers the Ocean's call to seek out the Demigod to set things right. 
Spider Man: Into the Spider-Verse,happy,English,Animation,8.4,2018,Netflix,https://www.google.com/url?sa=i&url=https%3A%2F%2Fencrypted-tbn2.gstatic.com%2Fimages%3Fq%3Dtbn%3AANd9GcR7lwIPrJJySz-YBguA6CZYb5uGnHy2iAZEi0ZI3MtOGufwHLIx&psig=AOvVaw2FVULPFQkxdEH8wacVyl71&ust=1762709587081000&source=images&cd=vfe&opi=89978449&ved=0CBEQjRxqFwoTCLC9yYeL45ADFQAAAAAdAAAAABAE,Bob PersichettiPeter RamseyRodney Rothman, Shameik MooreJake JohnsonHailee Steinfeld-,Teenager Miles Morales becomes the   Spider-Man of his reality and crosses paths with five counterparts from other dimensions to stop a threat to all their realities.   
Mission Impossible ,motivated,Tamil,Action,7.3,2022,Amazon Prime,https://www.google.com/url?sa=i&url=https%3A%2F%2Fencrypted-tbn2.gstatic.com%2Fimages%3Fq%3Dtbn%3AANd9GcSDNubwf4sgBxo4JowT4pD6ZSRcXR4oUi9I7aYejsWjsF-ZetK7&psig=AOvVaw0Cpaa0OZ49eTHl6X5kDujC&ust=1762709625247000&source=images&cd=vfe&opi=89978449&ved=0CBEQjRxqFwoTCIio1pmL45ADFQAAAAAdAAAAABAE,Brian De Palma, Tom Cruise-Ving Rhames-,Ethan Hunt and his IMF team embark on a mission to recover stolen plutonium while being hunted by a mysterious assassin known only as   The Syndicate . 
Most Eligible Bachelor ,romantic,Tamil,Romance,7.0,2021,Amazon Prime,https://www.google.com/url?sa=i&url=https%3A%2F%2Fencrypted-tbn2.gstatic.com%2Fimages%3Fq%3Dtbn%3AANd9GcQHMyjxzS9tvmaQwc6pvq0rnih-LI1wfD5_AcKhraesVXHgjIvg&psig=AOvVaw0RDcauerQcHPo6egxoe7Rf&ust=1762709645668000&source=images&cd=vfe&opi=89978449&ved=0CBEQjRxqFwoTCMCkwaOL45ADFQAAAAAdAAAAABAE,Bommarillu Baskar, Vijay DeverakondaRashmika Mandanna-,Narayana a carefree  happy-go-lucky young man falls in love with a strong-willed woman   Amrutha but his overbearing father stands in the way of their relationship.     
Sapta Sagaradaache Ello: Side A,romantic,Kannada,Romance,8.2,2023,Amazon Prime,https://www.google.com/url?sa=i&url=https%3A%2F%2Fencrypted-tbn1.gstatic.com%2Fimages%3Fq%3Dtbn%3AANd9GcSbkkzDTkXuLu6WUbmve9k6k4OlrLc5mRDswHCUz93oqN78eEG2&psig=AOvVaw3Oed4-9pbcas5lnQ1o_otK&ust=1762709666125000&source=images&cd=vfe&opi=89978449&ved=0CBEQjRxqFwoTCKCXna2L45ADFQAAAAAdAAAAABAE,Hemanth M. Rao, Rakshit Shetty-Deepika Padukone-,A young couple's love story unfolds over the course of a single day in the bustling city of Bengaluru as they navigate their emotions and the complexities of modern relationships.    
Sapta Sagaradaache Ello: Side B ,romantic,Kannada,Romance,8.4,2023,Amazon Prime,https://www.google.com/url?sa=i&url=https%3A%2F%2Fencrypted-tbn2.gstatic.com%2Fimages%3Fq%3Dtbn%3AANd9GcTqjpgpXYS36lckg4e6kPnMqbEbdHii2fJhtbV7tO4imqkaTN2M&psig=AOvVaw0F2KXWo_-qkMondesBKwhD&ust=1762709687279000&source=images&cd=vfe&opi=89978449&ved=0CBEQjRxqFwoTCKCWqbeL45ADFQAAAAAdAAAAABAE,Hemanth M. Rao, Rakshit Shetty-Deepika Padukone-,Continuing from Side A the couple faces new challenges and revelations that test their relationship and individual aspirations as they strive to find a balance between love and personal growth.    
Hostel Hudugaru Bekagiddare,happy,Kannada,Comedy,7.8,2014,Amazon Prime,https://www.google.com/url?sa=i&url=https%3A%2F%2Fencrypted-tbn1.gstatic.com%2Fimages%3Fq%3Dtbn%3AANd9GcS4MVsJffFqDrC5V8XmtoI846YSoddtErVQ9NdGlvyicWlcPDqk&psig=AOvVaw3XHD_qRUwn-0-MQiYq-tqV&ust=1762709701906000&source=images&cd=vfe&opi=89978449&ved=0CBEQjRxqFwoTCJi_o76L45ADFQAAAAAdAAAAABAE,Nithin Krishnamurthy, Yogaraj Bhat-Prajwal Devaraj-Chikkanna-,A group of hostel friends navigate the ups and downs of college life friendship and love while dealing with humorous situations and misunderstandings.    
Chamak,romantic,Kannada,Romance,7.1,2017,Amazon Prime,https://www.google.com/url?sa=i&url=https%3A%2F%2Fencrypted-tbn1.gstatic.com%2Fimages%3Fq%3Dtbn%3AANd9GcT7OxvjkCFgMRM8Vhf0x-tioL6_WZJMVNJo51zpS9802GFwQn89&psig=AOvVaw2hv6HlwtwW7otWg45U6vBw&ust=1762709730265000&source=images&cd=vfe&opi=89978449&ved=0CBEQjRxqFwoTCMjl58uL45ADFQAAAAAdAAAAABAE,Suni, Ganesh-Prajakta Mali-,A young couple navigates the challenges of an unplanned pregnancy and societal expectations while trying to maintain their relationship and personal aspirations.   
Love Mocktail 2,romantic,Kannada,Romance,7.5,2020,Amazon Prime,https://www.google.com/url?sa=i&url=https%3A%2F%2Fencrypted-tbn3.gstatic.com%2Fimages%3Fq%3Dtbn%3AANd9GcRPvhTnAt9BomB1XYhYpwMvJtT3zs8rOv_VB7VDsaOZZRmfOiuX&psig=AOvVaw3BpqMgowfPJmVyyHQAkpkL&ust=1762709760495000&source=images&cd=vfe&opi=89978449&ved=0CBEQjRxqFwoTCOjhnNqL45ADFQAAAAAdAAAAABAE,Darling Krishna, Milana Nagaraj-,Continuing the love story from the first film the couple faces new challenges and experiences as they navigate married life personal growth and the complexities of relationships. 
Rangitaranga,romantic,Kannada,Romance,8.1,2015,Amazon Prime,https://www.google.com/url?sa=i&url=https%3A%2F%2Fencrypted-tbn2.gstatic.com%2Fimages%3Fq%3Dtbn%3AANd9GcT3-jSCRSzXg_M_9m1PK9ifimPP4KWCRJcIFD4Law-8pIalbE2J&psig=AOvVaw1aEjZ4SA6oNYsD41VtzXHp&ust=1762709779752000&source=images&cd=vfe&opi=89978449&ved=0CBEQjRxqFwoTCIjct-OL45ADFQAAAAAdAAAAABAE,Anup Bhandari, Nirup BhandariRadhika Chetan-,A novelist returns to his ancestral village to find inspiration for his next book but uncovers dark secrets and a haunting mystery that intertwines with his own past. 
Om,happy,Kannada,Comedy,7.9,1995,Amazon Prime,https://www.google.com/url?sa=i&url=https%3A%2F%2Fencrypted-tbn0.gstatic.com%2Fimages%3Fq%3Dtbn%3AANd9GcQVz3JKcovYt8OxWA0iHe8PiGZcvnIqs9oMkmvPbeCiDb6yUqxm&psig=AOvVaw3FYIdIKM2jBarGtpW3zYPl&ust=1762709793999000&source=images&cd=vfe&opi=89978449&ved=0CBEQjRxqFwoTCLjqmOqL45ADFQAAAAAdAAAAABAE,Upendra, Rekha Vedavyas-,A reformed gangster struggles to leave his violent past behind while facing challenges from rival gangs and law enforcement as he tries to build a new life.   
Power,happy,Kannada,Action,7.2,2014,Amazon Prime,https://www.google.com/url?sa=i&url=https%3A%2F%2Fencrypted-tbn0.gstatic.com%2Fimages%3Fq%3Dtbn%3AANd9GcTML9eJUMD7Wlih1qLYjWgttqhrugN2zbUG6UU6mvuMmzH-1YGX&psig=AOvVaw0SP4R6_DLpQSi9cslTLD4L&ust=1762709808813000&source=images&cd=vfe&opi=89978449&ved=0CBEQjRxqFwoTCLicnfGL45ADFQAAAAAdAAAAABAE,Bobby Kollikar, Puneeth Rajkumar Trisha Krishnan-,A dedicated police officer takes on a powerful criminal organization while uncovering corruption within his own department to bring justice to the city.   
Akash,motivated,Kannada,Action,7.0,2018,Amazon Prime,https://www.google.com/url?sa=i&url=https%3A%2F%2Fencrypted-tbn2.gstatic.com%2Fimages%3Fq%3Dtbn%3AANd9GcQDOkj-EfQJV36Hiubcu-jQpKUndh5QOxdHVhVIOb6aoyrBUYdL&psig=AOvVaw2TWrC-n4YW2ppVNBRIyKkN&ust=1762709826397000&source=images&cd=vfe&opi=89978449&ved=0CBEQjRxqFwoTCLCRz_mL45ADFQAAAAAdAAAAABAE,Mahesh Babu,Puneeth RajkumarRamyaAshish Vidyarthi,Akash is an optimist who loves to keep everyone in good humour and happy. On one of his odd jobs as a still photographer for a wedding he meets Nandini who falls in love with him.
Jaggu Dada,romantic,Kannada,Action,6.8,2016,Amazon Prime,https://www.google.com/url?sa=i&url=https%3A%2F%2Fencrypted-tbn2.gstatic.com%2Fimages%3Fq%3Dtbn%3AANd9GcSjWgnCMkR-EkyLG-Bztlt6ufucgMa34kDpFvJjrenqCzrX68d1&psig=AOvVaw08p1mRMMlB4GlE1E3TaMlu&ust=1762709849894000&source=images&cd=vfe&opi=89978449&ved=0CBEQjRxqFwoTCNiO8ISM45ADFQAAAAAdAAAAABAE,Raghavendra Hegde,Darshan ThoogudeepDeeksha SethSrujan Lokesh,A notorious gangster known as Jaggu Dada undergoes a transformation after a life-changing experience leading him to seek redemption and change his ways.    
Robert,motivated,Kannada,Action,7.4,2021,Amazon Prime,https://www.google.com/url?sa=i&url=https%3A%2F%2Fencrypted-tbn3.gstatic.com%2Fimages%3Fq%3Dtbn%3AANd9GcRaeeM_vgCpFhHG1CVgF9dUN4SqXZTUyBMgIRi4H9eiQSHZ_D4w&psig=AOvVaw2vADihTbtFluL23jFIEvdN&ust=1762709876334000&source=images&cd=vfe&opi=89978449&ved=0CBEQjRxqFwoTCNjBuJGM45ADFQAAAAAdAAAAABAE,Tarun Sudhir, Darshan ThoogudeepAsha Bhat Anupama Parameswaran-,A skilled operative known as Robert takes on a dangerous mission to protect his country from a powerful enemy while facing personal challenges and moral dilemmas.  
Yuvarathnaa,motivated,Kannada,Action,7.1,2021,Amazon Prime,https://www.google.com/url?sa=i&url=https%3A%2F%2Fencrypted-tbn1.gstatic.com%2Fimages%3Fq%3Dtbn%3AANd9GcSKKJ4hb-edQ8P11p5YYYOkHVglRJUHoQcJNgGyekHpNLpRWDfs&psig=AOvVaw2-j9Vc-H7DinOCu2OOQ7io&ust=1762709890161000&source=images&cd=vfe&opi=89978449&ved=0CBEQjRxqFwoTCODOgpiM45ADFQAAAAAdAAAAABAE,Santhosh Ananddram, Puneeth RajkumarSayyeshaa Parveen-,A passionate college student takes on the corrupt education system to bring about change and fight for the rights of students while facing various challenges.   
Bhajarangi,motivated,Kannada,Action,7.3,2013,Amazon Prime,https://www.google.com/url?sa=i&url=https%3A%2F%2Fencrypted-tbn3.gstatic.com%2Fimages%3Fq%3Dtbn%3AANd9GcSHVuMghf-9X5J1a6EAzM2RvWeqUMy_yRIwcARTiWUulxFQ093n&psig=AOvVaw07t2lkrbzbt6QzOPBwx7Vv&ust=1762709906016000&source=images&cd=vfe&opi=89978449&ved=0CBEQjRxqFwoTCMi2y5-M45ADFQAAAAAdAAAAABAE,Harsha, Shiva RajkumarShruthi Hariharan-,A brave warrior embarks on a quest to protect his village from an evil sorcerer while uncovering his own mysterious past and destiny.  
Googly,romantic,Kannada,Romance,7.2,2013,Amazon Prime,https://www.google.com/url?sa=i&url=https%3A%2F%2Fencrypted-tbn0.gstatic.com%2Fimages%3Fq%3Dtbn%3AANd9GcT8ITjEKF5YAsjTlQMqXGvkRN72uEd7DkWWgphwRIxJ9V4C3itC&psig=AOvVaw3cL65-aE2_aKjEXS3Dg0fN&ust=1762709919931000&source=images&cd=vfe&opi=89978449&ved=0CBEQjRxqFwoTCPj9maaM45ADFQAAAAAdAAAAABAE,Pawan Wadeyar, YashKriti KharbandaAnant Nag-,A fun-loving couple navigates the ups and downs of their relationship while dealing with misunderstandings and comedic situations that test their love for each other.   
Orange,romantic,Kannada,Action,7.0,2018,Amazon Prime,https://www.google.com/url?sa=i&url=https%3A%2F%2Fencrypted-tbn2.gstatic.com%2Fimages%3Fq%3Dtbn%3AANd9GcQKdQG2chM6L97DWx7ZLAPADXjY4Hh-fS9bBNKxA9POz9S4O5F7&psig=AOvVaw2AS5gCCuvLxLdfi1N96WSL&ust=1762709933704000&source=images&cd=vfe&opi=89978449&ved=0CBEQjRxqFwoTCNiy6ayM45ADFQAAAAAdAAAAABAE,Prashanth Raj,Ganesh Priya Anand-,A carefree young man falls in love with a spirited woman leading to a series of romantic and action-packed adventures as they navigate their relationship amidst various challenges.   
Paramathama,romantic,Kannada,Romance,6.9,2011,Amazon Prime,https://www.google.com/url?sa=i&url=https%3A%2F%2Fencrypted-tbn2.gstatic.com%2Fimages%3Fq%3Dtbn%3AANd9GcTBQdc3h2s3P5FeEQ2zvZuNeuJcd386F9b7zdQ5ziGcivpLddIi&psig=AOvVaw3F0E20NeqWnCW1nwv3FO1d&ust=1762709949430000&source=images&cd=vfe&opi=89978449&ved=0CBEQjRxqFwoTCNjCorSM45ADFQAAAAAdAAAAABAE,Yograj Bhat,Puneeth RajkumarAindrita RayDeepa Sannidhi,A brilliant but unfocused science graduate navigates between two women who love him. After marrying his true love Deepa and having a child he must face life's challenges when she passes away.
Chakravyuhaya,motivated,Kannada,Action,7.5,2016,Amazon Prime,https://www.google.com/url?sa=i&url=https%3A%2F%2Fencrypted-tbn0.gstatic.com%2Fimages%3Fq%3Dtbn%3AANd9GcRfr4kcyXqFOSKgpJATo4oFEPDvvlDPL9z-Vd3_AK1SVlnLvBqc&psig=AOvVaw1pOrs_epX_e86aUVKbimhX&ust=1762709964605000&source=images&cd=vfe&opi=89978449&ved=0CBEQjRxqFwoTCOjuwruM45ADFQAAAAAdAAAAABAE,M. Saravanan,Puneeth RajkumarRachita RamArun Vijay,A corrupt law minister incites violence in a law college and the police turn a blind eye. Lohith a college student turns into a vigilante and tries to punish the offender.
Mr&Mrs Ramachari,motivated,Kannada,Action,7.6,2014,Amazon Prime,https://www.google.com/url?sa=i&url=https%3A%2F%2Fencrypted-tbn1.gstatic.com%2Fimages%3Fq%3Dtbn%3AANd9GcTkaEg8RXLTBFsDF1D-59Yzk0TYXVxULvffor7UHmK5fHKqHy58&psig=AOvVaw1ulL8wujWvbnUzTYr079Ve&ust=1762710023058000&source=images&cd=vfe&opi=89978449&ved=0CBEQjRxqFwoTCOics9eM45ADFQAAAAAdAAAAABAEon,Santhosh Ananddram,YashRadhika PanditAchyuth Kumar,A man whose life seems straight out of a classic Kannada movie faces highs and lows in life and love.
Bharate,romantic,Kannada,Action,7.4,2019,Amazon Prime,https://www.google.com/url?sa=i&url=https%3A%2F%2Fencrypted-tbn1.gstatic.com%2Fimages%3Fq%3Dtbn%3AANd9GcTkaEg8RXLTBFsDF1D-59Yzk0TYXVxULvffor7UHmK5fHKqHy58&psig=AOvVaw1ulL8wujWvbnUzTYr079Ve&ust=1762710023058000&source=images&cd=vfe&opi=89978449&ved=0CBEQjRxqFwoTCOics9eM45ADFQAAAAAdAAAAABAE,Chethan Kumar,Sri Murali Sreeleela,When Jagan meets Radha it is love at first sight for him. But finding his happily-ever-after is harder than it seems.
Bagheera,motivated,Kannada,Action,7.0,2023,Amazon Prime,https://www.google.com/url?sa=i&url=https%3A%2F%2Fencrypted-tbn3.gstatic.com%2Fimages%3Fq%3Dtbn%3AANd9GcRPJSBcQmQh6U7nLRixj6Iqfc_4XhrqlYbOatRoN6RXrRP9_Gu_&psig=AOvVaw3muFWO9nsBlz6MUQIAf6YQ&ust=1762710038391000&source=images&cd=vfe&opi=89978449&ved=0CBEQjRxqFwoTCMjG2d6M45ADFQAAAAAdAAAAABAE,D.R. Suri,Sri MuraliRukmini VasanthPrakash Raj,When society turns into a jungle  just one predator cries out for justice.
Ibbani Tabbida Ileyali ,romantic,Kannada,Romance,7.3,2017,Amazon Prime,https://www.google.com/url?sa=i&url=https%3A%2F%2Fencrypted-tbn1.gstatic.com%2Fimages%3Fq%3Dtbn%3AANd9GcTqLABzYr5sWi0_0tYXUk17-0JVCLC-3ImKw32o77My0s19DWqI&psig=AOvVaw3HsSse0Tl1PIdFtIRXHXk0&ust=1762710137231000&source=images&cd=vfe&opi=89978449&ved=0CBEQjRxqFwoTCPi-8I2N45ADFQAAAAAdAAAAABAE,Ibbani Tabbida Ileyali ,Vihan GowdaAnkita AmarMayuri Nataraj,College sweethearts Sid and Anahita's enduring romance spans decades weathering life's ups and downs with unwavering love and cherished memories.
Paliwaan,motivated,Kannada,Action,7.2,2019,Amazon Prime,https://www.google.com/url?sa=i&url=https%3A%2F%2Fencrypted-tbn0.gstatic.com%2Fimages%3Fq%3Dtbn%3AANd9GcRrbZGNbZNnCqQcATUb7ifKIT_zqoijn-H4OcnAyGU0k5SHGDii&psig=AOvVaw2Zyx6_s1ltewT3N4DlaqCX&ust=1762710169666000&source=images&cd=vfe&opi=89978449&ved=0CBEQjRxqFwoTCJimqZ2N45ADFQAAAAAdAAAAABAE,S Krishna,SudeepSuniel ShettyAakanksha Singh,Krishna a fierce wrestler faces challenges in his personal life as he tries to fulfill the dream of his father an ex-wrestler.
Anjaniputra,motivated,Kannada,Action,7.4,2017,Amazon Prime,https://www.google.com/url?sa=i&url=https%3A%2F%2Fencrypted-tbn0.gstatic.com%2Fimages%3Fq%3Dtbn%3AANd9GcRdHHtZ7chTvWuBLOmdvOLvLxtxmDYwzg0L-eeGyE0WAc-7_1kP&psig=AOvVaw1mctqPx_jIgr9HRloJMNLQ&ust=1762710188165000&source=images&cd=vfe&opi=89978449&ved=0CBEQjRxqFwoTCNjkjqaN45ADFQAAAAAdAAAAABAE,Harsha,Puneeth RajkumarRashmika MandannaRamya Krishnan,Anjaniputra is a Kannada movie starring Puneeth Rajkumar and Rashmika Mandanna an action romance genre with elements of family sentiment. This family entertainer is directed by well known choreographer-turned-director Harsha A.
Chowka,romantic,Kannada,Romance,7.0,2017,Amazon Prime,https://www.google.com/url?sa=i&url=https%3A%2F%2Fencrypted-tbn3.gstatic.com%2Fimages%3Fq%3Dtbn%3AANd9GcTGRQ99t0_KSKgh_b43ZPMTyukYujzDU_18hq9A9JQlYgD00-yS&psig=AOvVaw3dnny6WMu-vvHa5_QSyNrI&ust=1762710204984000&source=images&cd=vfe&opi=89978449&ved=0CBEQjRxqFwoTCOjMmK6N45ADFQAAAAAdAAAAABAE,Tarun Sudhir,Prajwal DevarajDiganthPrem Kumar,Four ambitious and aspiring individuals who end up in jail are led by a school teacher who shows them hope but also stirs up their passion towards reform.
Pancharangi,romantic,Kannada,Romance,7.3,2010,Amazon Prime,https://www.google.com/url?sa=i&url=https%3A%2F%2Fencrypted-tbn1.gstatic.com%2Fimages%3Fq%3Dtbn%3AANd9GcQAzovmoJ7HYCfnKOEJx5Oz3cTFzYvTxO4dJFh3BtmvhWDvLEoq&psig=AOvVaw1ATR4T5lXSkhbdxUiIgzoW&ust=1762710268784000&source=images&cd=vfe&opi=89978449&ved=0CBEQjRxqFwoTCPj2x8yN45ADFQAAAAAdAAAAABAE,Yograj Bhat,DiganthNidhi SubbaiahAnant Nag,Bharat played by Diganth travels with his family to Coastal Karnataka to look for a bride for his elder brother an arrangement made by the family members. Over the span of two days a lot of events unfold around Bharat and his family members What to look for in the move: dialogues screenplay music and its cinematography.
Kantara A Legend Chapter 1,motivated,Kannada,Action,8.7,2025,Amazon Prime,https://www.google.com/url?sa=i&url=https%3A%2F%2Fencrypted-tbn3.gstatic.com%2Fimages%3Fq%3Dtbn%3AANd9GcSAoVB8NJKuPKrkhPuaNB-7ZUi773grk7u00neWekrbTa26oJJI&psig=AOvVaw3MqwsKTvGRlvaKJCIq5Wtr&ust=1762710459870000&source=images&cd=vfe&opi=89978449&ved=0CBEQjRxqFwoTCKj11aeO45ADFQAAAAAdAAAAABAE,Rishab Shetty,Rishab ShettyRukmini VasanthJayaram,Exploring the origins of Kaadubettu Shiva during the Kadamba dynasty era it delves into the untamed wilderness and forgotten lore surrounding his past.
Vikrant Rona,motivated,Kannada,Action,7.5,2022,Amazon Prime,https://www.google.com/url?sa=i&url=https%3A%2F%2Fencrypted-tbn1.gstatic.com%2Fimages%3Fq%3Dtbn%3AANd9GcSMYI3r8wtoVj7lajeV2TgGIDH5yJ-G0O_Wp1bQbV44SAVqx0wP&psig=AOvVaw2qcIAUDL8FCIHBtUGWmD8L&ust=1762710294638000&source=images&cd=vfe&opi=89978449&ved=0CBEQjRxqFwoTCNDG79iN45ADFQAAAAAdAAAAABAE,Anup Bhandari,SudeepNirup BhandariNeetha Ashok,Almost half a century ago a remote village in the middle of a tropical rainforest starts witnessing a series of unexplainable events which they attribute to the supernatural.
Pogaru,motivated,Kannada,Action,6.9,2021,Amazon Prime,https://www.google.com/url?sa=i&url=https%3A%2F%2Fencrypted-tbn3.gstatic.com%2Fimages%3Fq%3Dtbn%3AANd9GcSEIrNc_BZ-KnFuQSkspIVxNu2BGFEVwwY5tvC2BL8llWAmuH0H&psig=AOvVaw3uNns4HRfGb_8CS44kzLTR&ust=1762710309173000&source=images&cd=vfe&opi=89978449&ved=0CBEQjRxqFwoTCLCA59-N45ADFQAAAAAdAAAAABAE,Nanda Kishore,Dhruva SarjaRashmika MandannaSampath Raj,Shiva a local Ruffian is unstoppable in his path as he had garnered the support and affection of the general public by fighting against the injustice that comes their way.
Don,motivated,Tamil,Action,7.2,2022,Amazon Prime,https://www.google.com/url?sa=i&url=https%3A%2F%2Fencrypted-tbn0.gstatic.com%2Fimages%3Fq%3Dtbn%3AANd9GcTrxBHltwMiZHSxVABuGVZMrMzZn7QnP8rSQFIwOcmskkOotoBs&psig=AOvVaw37lBcJ8vypp5mm6MfL
Beast,motivated,Tamil,Action,6.8,2022,Amazon Prime,https://www.google.com/url?sa=i&url=https%3A%2F%2Fencrypted-tbn3.gstatic.com%2Fimages%3Fq%3Dtbn%3AANd9GcT3YVwoNjBrN9XQXjjnAj3-xsYYGguQP4_p3w5hpOn0dofFGCGA&psig=AOvVaw0T39-G8cf-N7_fXpkUD2KJ&ust=1762710362827000&source=images&cd=vfe&opi=89978449&ved=0CBEQjRxqFwoTCNj7sfmN45ADFQAAAAAdAAAAABAE,Nelson Dilipkumar,Joseph VijayPooja HegdeK, SelvaraghavanA jaded former intelligence agent is pulled back into action when an attack at a mall creates a tense hostage situation.
Kasturi Nivasa,romantic,Kannada,Romance,7.0,2021,Amazon Prime,https://www.google.com/url?sa=i&url=https%3A%2F%2Fencrypted-tbn0.gstatic.com%2Fimages%3Fq%3Dtbn%3AANd9GcTOEpUyQ7uDX2PMkPRLMlloVxV4H6rlAk-f8NYb1PHEuE1bZFeM&psig=AOvVaw0pGAK-DouS6hneqpfLFFXf&ust=1762710378804000&source=images&cd=vfe&opi=89978449&ved=0CBEQjRxqFwoTCOiLhYGO45ADFQAAAAAdAAAAABAE,S.K. BhagavanB. Dorai Raj,RajkumarT.R. NarasimharajuT.N. Balakrishna,The story of an extremely generous and righteous man Ravi Varma who succumbs to his intention of being generous no matter what happens.
Kranthiveera Sangolli Rayanna,motivated,Kannada,Action,7.8,2012,Amazon Prime,https://www.google.com/url?sa=i&url=https%3A%2F%2Fencrypted-tbn1.gstatic.com%2Fimages%3Fq%3Dtbn%3AANd9GcS9cyow2mU-uwvJL_B3pACPhJIJYTt3DDtp9bRI_C4kyjnNhMcb&psig=AOvVaw2JnhvrJyQJLfq7xflo3OSy&ust=1762710416275000&source=images&cd=vfe&opi=89978449&ved=0CBEQjRxqFwoTCLCL8ZKO45ADFQAAAAAdAAAAABAE,Naganna,Darshan ThoogudeepShashikumarJaya Prada,Life saga of Indian brave freedom fighter Sangolli Rayanna against British...
6-5=2,motivated,Kannada,Action,7.3,2016,Amazon Prime,https://www.google.com/url?sa=i&url=https%3A%2F%2Fencrypted-tbn2.gstatic.com%2Fimages%3Fq%3Dtbn%3AANd9GcQBDHStiU7Thn2Ic5BuzGHUfd17J23kvubeav3kGULtdkS_sIVy&psig=AOvVaw2ETLn1jYe8REVGUnU1cXna&ust=1762710481694000&source=images&cd=vfe&opi=89978449&ved=0CBEQjRxqFwoTCKDMi7KO45ADFQAAAAAdAAAAABAE,K.S. AshokaSwarna Latha,Darshan ApoorvaVijay ChendoorMruthyunjaya,Six youngsters go for a trekking trip. If five of them gets killed by unknown forces how many will return back?
Mussanje Mathu,romantic,Kannada,Romance,7.4,2008,Amazon Prime,https://www.google.com/url?sa=i&url=https%3A%2F%2Fencrypted-tbn1.gstatic.com%2Fimages%3Fq%3Dtbn%3AANd9GcRoANVt7Ng7OkeK0vp_M-Y-EBiVKTHV4wnvl_AgCOcyCXqhgdmD&psig=AOvVaw226zc5Ehwg-4mLrWpxcopg&ust=1762710500330000&source=images&cd=vfe&opi=89978449&ved=0CBEQjRxqFwoTCNjI-bqO45ADFQAAAAAdAAAAABAE,Mussanje Mahesh,SudeepRamyaAnu Prabhakar,A radio jockey who hosts the show "Mussanje Maathu" who listens to others problems and gives others hope finds himself in a spot when he has trouble in his life and no one to give him hope.
Coolie,motivated,Kannada,Action,6.8,2025,Amazon Prime,https://www.google.com/url?sa=i&url=https%3A%2F%2Fencrypted-tbn2.gstatic.com%2Fimages%3Fq%3Dtbn%3AANd9GcSYY6el_lJnW1dvBgyiT3PIQyhu7c6s0jGGsfDzdJnj0nJg8ekq&psig=AOvVaw0QptOMARTQ-Rv7KNU_IeTA&ust=1762710545359000&source=images&cd=vfe&opi=89978449&ved=0CBEQjRxqFwoTCPC0u9CO45ADFQAAAAAdAAAAABAE,Lokesh Kanagaraj,RajinikanthNagarjuna AkkineniSoubin Shahir,Delves into a man's relentless quest for vengeance since youth driven by righting past wrongs shaping his very existence. Viewers experience the complexities of his tumultuous vendetta journey.
Retro,motivated,Kannada,Action,7.0,2023,Netflix,https://www.google.com/url?sa=i&url=https%3A%2F%2Fencrypted-tbn1.gstatic.com%2Fimages%3Fq%3Dtbn%3AANd9GcQeqvbd-AeWlgWDUsSc2yE4M0FQPUHz4CBmQ_ljL77yDj61UqJ8&psig=AOvVaw2adBaBpIvlY-QyP4j2eLFB&ust=1762710578911000&source=images&cd=vfe&opi=89978449&ved=0CBEQjRxqFwoTCND2vuCO45ADFQAAAAAdAAAAABAE,Karthik Subbaraj,SuriyaPooja HegdeShriya Saran,Raised by a criminal father Paari leaves behind his adoptive family to build a quiet life with his love Rukmini. But his violent past won't let him go.
Kotigobba 3,motivated,Kannada,Action,6.9,2021,Netflix,https://www.google.com/url?sa=i&url=https%3A%2F%2Fencrypted-tbn0.gstatic.com%2Fimages%3Fq%3Dtbn%3AANd9GcTC-GOwJ6sN66yarDeQIHay14JOQwNvylJKNMIFjq1ubYkqOVGO&psig=AOvVaw31ZeVbHtyh_fjs3QYFtij9&ust=1762710606880000&source=images&cd=vfe&opi=89978449&ved=0CBEQjRxqFwoTCNi54u2O45ADFQAAAAAdAAAAABAE,Shiva Karthik,SudeepAftab ShivdasaniMadonna Sebastian,Sathya a philanthropist who now runs an orphanage has to go to Poland for the treatment of young Janu. While there an international criminal named Ghost carries out heists. Who is Ghost? And what has Sathya got to do with it all?
Gaalipata,sad,Kannada,Romance,7.6,2008,Netflix,https://www.google.com/url?sa=i&url=https%3A%2F%2Fencrypted-tbn3.gstatic.com%2Fimages%3Fq%3Dtbn%3AANd9GcQJDiDy4SfoYQI-8eLZnagsUkQ1ysCvC38yV_pzPyPf9MthmE5q&psig=AOvVaw0gSSoIperQJ8nDmCqvnJSR&ust=1762710623286000&source=images&cd=vfe&opi=89978449&ved=0CBEQjRxqFwoTCPCf0PWO45ADFQAAAAAdAAAAABAE,Yograj Bhat,GaneshDiganthRajesh Krishnan,Three best friends goes to Thirthahalli for their vacation but there of then falls in love with three girls.
Gaalipata 2,sad,Kannada,Romance,7.4,2022,Netflix,https://www.google.com/url?sa=i&url=https%3A%2F%2Fencrypted-tbn2.gstatic.com%2Fimages%3Fq%3Dtbn%3AANd9GcQC_bXOdl6heKtAZ9eyXVzrV0wifwj0bpse3wYGNtnOsBcKX56v&psig=AOvVaw30RKzOrJf9o7nvPRT0kXni&ust=1762710638748000&source=images&cd=vfe&opi=89978449&ved=0CBEQjRxqFwoTCNjMgv2O45ADFQAAAAAdAAAAABAE,Yograj Bhat,GaneshDiganthPawan Kumar,Three college friends meet teacher Kishore Kumar who offers them a place to stay. Years later they reunite to assist their teacher during an illness and in turn find a chance to fix their love lives.
Rangasthalam,romantic,Tamil,Romance,8.0,2018,Netflix,https://www.google.com/url?sa=i&url=https%3A%2F%2Fencrypted-tbn3.gstatic.com%2Fimages%3Fq%3Dtbn%3AANd9GcRBEFruJilqSc9jZEY0oO9NtdkjzETSyd3E8rKQapXjy7yFGUib&psig=AOvVaw3hH-AlcDUHZrKKFrd8_V9e&ust=1762710655911000&source=images&cd=vfe&opi=89978449&ved=0CBEQjRxqFwoTCODXnYWP45ADFQAAAAAdAAAAABAE,Sukumar,Ram CharanSamantha Ruth PrabhuAadhi,Chitti Babu begins to suspect his elder brother's life is in danger after they team up to lock horns with their village president and overthrow his unlawful 30 year old regime.
Chakra,sad,Tamil,Action,7.1,2021,Netflix,https://www.google.com/url?sa=i&url=https%3A%2F%2Fencrypted-tbn1.gstatic.com%2Fimages%3Fq%3Dtbn%3AANd9GcTHYHuokRwkBf_tI7DS6tH69ATa9z-x4uC5Gsfhk-U1BEdxg5AB&psig=AOvVaw3YjBVFLiTEE9pUaPMozELp&ust=1762710685051000&source=images&cd=vfe&opi=89978449&ved=0CBEQjRxqFwoTCOi8iZOP45ADFQAAAAAdAAAAABAE,Anandan .M.S,VishalRegena CassandrraShraddha Srinath,A soldier and a police officer join forces to bring down a cyber hacker.
COURT - 'State Vs A Nobody',motivated,Telugu,Drama,8.5,2025,Netflix,https://www.google.com/url?sa=i&url=https%3A%2F%2Fencrypted-tbn3.gstatic.com%2Fimages%3Fq%3Dtbn%3AANd9GcSCv5-y9DhS8q0U-rbpnXkuwclO0fWZp7ozSYpRrN0FmgHDnUe3&psig=AOvVaw3qa_CAqyl-W812JtNDn16I&ust=1762710711111000&source=images&cd=vfe&opi=89978449&ved=0CBEQjRxqFwoTCICGyJ-P45ADFQAAAAAdAAAAABAE,Ram Jagadeesh,RohiniHarsh RoshanPriyadarshi Pulikonda, A passionate defense attorney fights against prejudice and corruption in the justice system while representing a teenage client wrongly presumed guilty of a serious crime.
Kushi,romantic,Telugu,Romance,7.9,2023,Netflix,https://www.google.com/url?sa=i&url=https%3A%2F%2Fencrypted-tbn3.gstatic.com%2Fimages%3Fq%3Dtbn%3AANd9GcQYs55bYaZi38smRp7FNVAvrNmNubi9OYmQyRUeKCw1-vUweyEW&psig=AOvVaw0U2GElt-sl918QiyMIzj2M&ust=1762710730806000&source=images&cd=vfe&opi=89978449&ved=0CBEQjRxqFwoTCNDP5KuP45ADFQAAAAAdAAAAABAE,Shiva Nirvana,Vijay DeverakondaSamantha Ruth PrabhuKousi Orfahli,Raised in an atheist household a young man falls in love with the daughter of his father's arch-rival a devout Hindu leader.
Adipurush,motivated,Telugu,Action,6.5,2023,Netflix,https://www.google.com/url?sa=i&url=https%3A%2F%2Fencrypted-tbn3.gstatic.com%2Fimages%3Fq%3Dtbn%3AANd9GcRlN9K3s_FYX1BEdUu5MjXDUTAjaV9Vi6NCIRbWy12iOlER-GJT&psig=AOvVaw2xMfacQWMidfsuLDf4e9Ou&ust=1762710755232000&source=images&cd=vfe&opi=89978449&ved=0CBEQjRxqFwoTCLjmxLSP45ADFQAAAAAdAAAAABAE,Om Raut,PrabhasKriti SanonSaif Ali Khan ,A modern adaptation of the Indian epic Ramayana which follows the exiled prince Raghav's journey to rescue his wife Janaki from the demon king Lankesh.
Maharshi,motivated,Telugu,Action,7.0,2019,Netflix,https://www.google.com/url?sa=i&url=https%3A%2F%2Fencrypted-tbn1.gstatic.com%2Fimages%3Fq%3Dtbn%3AANd9GcS_OzVJD3H8-pnAjcmoU8incL2HH1v3Pow61Kg7hzTEGfwWN7YQ&psig=AOvVaw0yYWwHSj_hxZGSZf-Qphvv&ust=1762710771492000&source=images&cd=vfe&opi=89978449&ved=0CBEQjRxqFwoTCND2pLyP45ADFQAAAAAdAAAAABAE,Vamshi Paidipally,Mahesh BabuAllari NareshPooja Hegde,A story about Rishi and his quest for success in different stages of life from being a US-based businessman to being a champion for the poor downtrodden farmers.
Pelli Choopulu ,romantic,Telugu,Romance,8.1,2016,Netflix,https://www.google.com/url?sa=i&url=https%3A%2F%2Fencrypted-tbn0.gstatic.com%2Fimages%3Fq%3Dtbn%3AANd9GcTbjm8jLJdlTfFf861SOSk6qonVxmS2FVb1Xx7ACug542i72SQ8&psig=AOvVaw2hKwAPmIcqYi5lxzgxmBAS&ust=1762710786783000&source=images&cd=vfe&opi=89978449&ved=0CBEQjRxqFwoTCNDFycOP45ADFQAAAAAdAAAAABAE,Tharun Bhascker Dhaassyam,Abhay BethigantiBindu ChandramouliKhenisha Chandran,A wannabe businesswoman and a happy-go-lucky guy meet each other during an arranged marriage blind date but eventually team up to start a food truck on their own.
Yevade Subramanyam,romantic,Telugu,Romance,7.5,2015,Netflix,https://www.google.com/url?sa=i&url=https%3A%2F%2Fencrypted-tbn1.gstatic.com%2Fimages%3Fq%3Dtbn%3AANd9GcTAlKKC5qdCUnZRbWS1wL2yAJn0l7qrw4q-XpCdPpzMf85Sqg0x&psig=AOvVaw30qzpgevpC9aCmK137fl2b&ust=1762710824311000&source=images&cd=vfe&opi=89978449&ved=0CBEQjRxqFwoTCNCnmtaP45ADFQAAAAAdAAAAABAE,Nag Ashwin,NaniMalvika NairVijay Deverakonda,A man who is overly focused on long-term career goals is exposed to the opposite attitude in a friend who believes in living life to the fullest rather than sacrificing present joy for future success.
Ala Vaikunthapurramuloo,motivated,Telugu,Action,8.1,2020,Netflix,https://www.google.com/url?sa=i&url=https%3A%2F%2Fencrypted-tbn0.gstatic.com%2Fimages%3Fq%3Dtbn%3AANd9GcQ6FsCkliOP2vJVqMX_L0SLSzJvRhtoP5Ntd5Kjocwyiui3KMj1&psig=AOvVaw35mB4Lfd9mmUTmiKvZdNjr&ust=1762711619415000&source=images&cd=vfe&opi=89978449&ved=0CBEQjRxqFwoTCLj-ytCS45ADFQAAAAAdAAAAABAE,Trivikram Srinivas,Allu ArjunPooja HegdeTabu,After growing up enduring criticism from his father a young man finds his world shaken upon learning he was switched at birth with a millionaire's son.
Shershaah,motivated,Hindi,Action,8.3,2021,Netflix,https://www.google.com/url?sa=i&url=https%3A%2F%2Fencrypted-tbn1.gstatic.com%2Fimages%3Fq%3Dtbn%3AANd9GcQ5f-6Oa6R5-fOIa32AIQBvhtVFzHVGqLX3sLAfM68knIHiEMUh&psig=AOvVaw2mS40CZpPVDKiEEQYPf4NG&ust=1762710895965000&source=images&cd=vfe&opi=89978449&ved=0CBEQjRxqFwoTCLjJ1feP45ADFQAAAAAdAAAAABAE,Vishnuvardhan,Sidharth MalhotraKiara AdvaniShiv Panditt,Shershaah is the story of PVC awardee Indian soldier Capt. Vikram Batra whose bravery and unflinching courage in chasing the Pakistani soldiers out of Indian territory contributed immensely in India finally winning the Kargil War in 1999.